year,month,day,temp_morning,temp_evening,average,actual,Event_rain
2013,1,1,36,37,45.6,40,1
2013,1,2,37,40,45.7,39,1
2013,1,3,40,39,45.8,42,1
2013,1,4,39,42,45.9,38,1
2013,1,5,42,38,46,45,1
2013,1,6,38,45,46.1,49,1
2013,1,7,45,49,46.2,48,1
2013,1,8,49,48,46.3,40,1
2013,1,9,48,40,46.4,39,1
2013,1,10,40,39,46.5,38,1
2013,1,11,39,38,46.7,39,1
2013,1,12,38,39,46.8,47,1
2013,1,13,39,47,46.9,53,1
2013,1,14,47,53,47,54,1
2013,1,15,53,54,47.1,52,1
2013,1,16,54,52,47.3,55,1
2013,1,17,52,55,47.4,50,1
2013,1,18,55,50,47.5,42,1
2013,1,19,50,42,47.6,45,1
2013,1,20,42,45,47.7,44,1
2013,1,21,45,44,47.8,49,1
2013,1,22,44,49,47.9,49,1
2013,1,23,49,49,48,46,1
2013,1,24,49,46,48.1,48,1
2013,1,25,46,48,48.2,50,1
2013,1,26,48,50,48.3,54,1
2013,1,27,50,54,48.4,50,1
2013,1,28,54,50,48.4,52,1
2013,1,29,50,52,48.5,48,1
2013,1,30,52,48,48.6,44,1
2013,1,31,48,44,48.7,44,1
2013,2,1,44,44,48.8,46,1
2013,2,2,44,46,48.8,51,1
2013,2,3,46,51,48.9,49,1
2013,2,4,51,49,49,50,1
2013,2,5,49,50,49.1,47,1
2013,2,6,50,47,49.1,50,1
2013,2,7,47,50,49.2,48,1
2013,2,8,50,48,49.3,46,1
2013,2,9,48,46,49.4,45,1
2013,2,10,46,45,49.4,47,1
2013,2,11,45,47,49.5,47,1
2013,2,12,47,47,49.6,54,1
2013,2,13,47,54,49.7,52,1
2013,2,14,54,52,49.8,50,1
2013,2,15,52,50,49.9,46,1
2013,2,16,50,46,49.9,44,1
2013,2,17,46,44,50,44,1
2013,2,18,44,44,50.1,49,1
2013,2,19,44,49,50.2,43,1
2013,2,20,49,43,50.4,45,1
2013,2,21,43,45,50.5,45,1
2013,2,22,45,45,50.6,44,1
2013,2,23,45,44,50.7,37,1
2013,2,24,44,37,50.8,35,1
2013,2,25,37,35,50.9,31,1
2013,2,26,35,31,51.1,34,1
2013,2,27,31,34,51.2,42,1
2013,2,28,34,42,51.3,40,1
2013,3,1,42,40,51.5,44,1
2013,3,2,40,44,51.6,50,1
2013,3,3,44,50,51.8,48,1
2013,3,4,50,48,51.9,49,0
2013,3,5,48,49,52.1,50,0
2013,3,6,49,50,52.2,47,0
2013,3,7,50,47,52.4,48,0
2013,3,8,47,48,52.5,52,0
2013,3,9,48,52,52.7,52,0
2013,3,10,52,52,52.8,53,0
2013,3,11,52,53,53,53,0
2013,3,12,53,53,53.1,48,0
2013,3,13,53,48,53.3,53,0
2013,3,14,48,53,53.4,53,0
2013,3,15,53,53,53.6,55,0
2013,3,16,53,55,53.7,48,0
2013,3,17,55,48,53.9,51,0
2013,3,18,48,51,54,50,0
2013,3,19,51,50,54.2,54,0
2013,3,20,50,54,54.3,50,0
2013,3,21,54,50,54.5,50,0
2013,3,22,50,50,54.6,51,0
2013,3,23,50,51,54.7,62,0
2013,3,24,51,62,54.9,61,0
2013,3,25,62,61,55,55,0
2013,3,26,61,55,55.2,50,0
2013,3,27,55,50,55.3,51,0
2013,3,28,50,51,55.5,51,0
2013,3,29,51,51,55.6,49,0
2013,3,30,51,49,55.7,51,0
2013,3,31,49,51,55.9,54,0
2013,4,1,51,54,56,48,0
2013,4,2,54,48,56.2,48,0
2013,4,3,48,48,56.3,49,0
2013,4,4,48,49,56.5,47,0
2013,4,5,49,47,56.6,46,0
2013,4,6,47,46,56.8,48,0
2013,4,7,46,48,56.9,49,0
2013,4,8,48,49,57.1,54,0
2013,4,9,49,54,57.2,55,0
2013,4,10,54,55,57.4,55,0
2013,4,11,55,55,57.6,51,0
2013,4,12,55,51,57.7,53,1
2013,4,13,51,53,57.9,48,1
2013,4,14,53,48,58.1,47,0
2013,4,15,48,47,58.3,53,0
2013,4,16,47,53,58.5,53,1
2013,4,17,53,53,58.6,52,1
2013,4,18,53,52,58.8,51,0
2013,4,19,52,51,59,53,0
2013,4,20,51,53,59.2,54,1
2013,4,21,53,54,59.4,53,1
2013,4,22,54,53,59.7,57,1
2013,4,23,53,57,59.9,66,0
2013,4,24,57,66,60.1,55,0
2013,4,25,66,55,60.3,52,0
2013,4,26,55,52,60.5,57,0
2013,4,27,52,57,60.7,52,0
2013,4,28,57,52,61,51,1
2013,4,29,52,51,61.2,54,1
2013,4,30,51,54,61.4,56,1
2013,5,1,54,56,61.6,62,1
2013,5,2,56,62,61.9,53,1
2013,5,3,62,53,62.1,58,1
2013,5,4,53,58,62.3,62,0
2013,5,5,58,62,62.5,57,1
2013,5,6,62,57,62.8,54,0
2013,5,7,57,54,63,56,1
2013,5,8,54,56,63.2,58,1
2013,5,9,56,58,63.4,57,0
2013,5,10,58,57,63.6,59,1
2013,5,11,57,59,63.8,51,1
2013,5,12,59,51,64.1,60,1
2013,5,13,51,60,64.3,64,1
2013,5,14,60,64,64.5,66,1
2013,5,15,64,66,64.7,51,0
2013,5,16,66,51,64.8,56,0
2013,5,17,51,56,65,64,0
2013,5,18,56,64,65.2,66,0
2013,5,19,64,66,65.4,68,0
2013,5,20,66,68,65.6,70,0
2013,5,21,68,70,65.7,54,1
2013,5,22,70,54,65.9,60,1
2013,5,23,54,60,66.1,63,1
2013,5,24,60,63,66.2,65,1
2013,5,25,63,65,66.4,56,1
2013,5,26,65,56,66.5,61,1
2013,5,27,56,61,66.7,58,1
2013,5,28,61,58,66.8,62,1
2013,5,29,58,62,67,59,0
2013,5,30,62,59,67.1,61,0
2013,5,31,59,61,67.3,61,0
2013,6,1,61,61,67.4,59,0
2013,6,2,61,59,67.6,61,0
2013,6,3,59,61,67.7,68,0
2013,6,4,61,68,67.9,78,0
2013,6,5,68,78,68,71,1
2013,6,6,78,71,68.2,72,1
2013,6,7,71,72,68.3,64,1
2013,6,8,72,64,68.5,62,1
2013,6,9,64,62,68.6,69,1
2013,6,10,62,69,68.8,65,1
2013,6,11,69,65,69,66,1
2013,6,12,65,66,69.1,70,1
2013,6,13,66,70,69.3,68,1
2013,6,14,70,68,69.5,63,1
2013,6,15,68,63,69.7,65,1
2013,6,16,63,65,69.8,70,1
2013,6,17,65,70,70,71,1
2013,6,18,70,71,70.2,58,1
2013,6,19,71,58,70.4,63,1
2013,6,20,58,63,70.6,70,1
2013,6,21,63,70,70.8,78,1
2013,6,22,70,78,71,67,1
2013,6,23,78,67,71.3,66,1
2013,6,24,67,66,71.5,67,1
2013,6,25,66,67,71.7,68,1
2013,6,26,67,68,71.9,72,1
2013,6,27,68,72,72.2,69,1
2013,6,28,72,69,72.4,74,1
2013,6,29,69,74,72.6,67,1
2013,6,30,74,67,72.8,67,1
2013,7,1,67,67,73.1,72,1
2013,7,2,67,72,73.3,82,1
2013,7,3,72,82,73.5,72,1
2013,7,4,82,72,73.8,78,1
2013,7,5,72,78,74,81,1
2013,7,6,78,81,74.2,84,1
2013,7,7,81,84,74.4,67,1
2013,7,8,84,67,74.6,71,1
2013,7,9,67,71,74.9,74,1
2013,7,10,71,74,75.1,76,1
2013,7,11,74,76,75.3,75,1
2013,7,12,76,75,75.4,70,1
2013,7,13,75,70,75.6,73,1
2013,7,14,70,73,75.8,62,1
2013,7,15,73,62,76,76,1
2013,7,16,62,76,76.1,74,1
2013,7,17,76,74,76.3,63,1
2013,7,18,74,63,76.4,74,1
2013,7,19,63,74,76.6,70,1
2013,7,20,74,70,76.7,74,1
2013,7,21,70,74,76.8,70,1
2013,7,22,74,70,76.9,72,0
2013,7,23,70,72,77,79,0
2013,7,24,72,79,77.1,83,0
2013,7,25,79,83,77.1,63,0
2013,7,26,83,63,77.2,70,0
2013,7,27,63,70,77.3,72,0
2013,7,28,70,72,77.3,78,0
2013,7,29,72,78,77.3,76,0
2013,7,30,78,76,77.3,79,0
2013,7,31,76,79,77.4,71,0
2013,8,1,79,71,77.4,77,0
2013,8,2,71,77,77.4,77,0
2013,8,3,77,77,77.3,79,0
2013,8,4,77,79,77.3,81,0
2013,8,5,79,81,77.3,66,0
2013,8,6,81,66,77.2,73,0
2013,8,7,66,73,77.2,74,0
2013,8,8,73,74,77.1,70,0
2013,8,9,74,70,77.1,70,0
2013,8,10,70,70,77,71,0
2013,8,11,70,71,76.9,74,0
2013,8,12,71,74,76.9,76,0
2013,8,13,74,76,76.8,70,0
2013,8,14,76,70,76.7,71,0
2013,8,15,70,71,76.6,74,0
2013,8,16,71,74,76.5,78,0
2013,8,17,74,78,76.4,77,0
2013,8,18,78,77,76.3,73,0
2013,8,19,77,73,76.2,78,0
2013,8,20,73,78,76.1,85,0
2013,8,21,78,85,75.9,87,0
2013,8,22,85,87,75.8,71,0
2013,8,23,87,71,75.7,77,0
2013,8,24,71,77,75.5,84,0
2013,8,25,77,84,75.4,82,0
2013,8,26,84,82,75.3,84,0
2013,8,27,82,84,75.1,84,0
2013,8,28,84,84,75,80,0
2013,8,29,84,80,74.8,70,0
2013,8,30,80,70,74.6,69,0
2013,8,31,70,69,74.4,69,0
2013,9,1,69,69,74.3,73,0
2013,9,2,69,73,74.1,71,0
2013,9,3,73,71,73.9,82,0
2013,9,4,71,82,73.7,83,0
2013,9,5,82,83,73.5,82,0
2013,9,6,83,82,73.3,84,0
2013,9,7,82,84,73,83,0
2013,9,8,84,83,72.8,85,0
2013,9,9,83,85,72.6,85,0
2013,9,10,85,85,72.3,84,0
2013,9,11,85,84,72.1,85,0
2013,9,12,84,85,71.8,68,0
2013,9,13,85,68,71.5,64,0
2013,9,14,68,64,71.2,67,0
2013,9,15,64,67,71,65,0
2013,9,16,67,65,70.7,64,0
2013,9,17,65,64,70.3,62,0
2013,9,18,64,62,70,65,0
2013,9,19,62,65,69.7,69,0
2013,9,20,65,69,69.4,77,0
2013,9,21,69,77,69,76,0
2013,9,22,77,76,68.7,76,0
2013,9,23,76,76,68.3,80,0
2013,9,24,76,80,68,75,0
2013,9,25,80,75,67.6,67,0
2013,9,26,75,67,67.2,61,0
2013,9,27,67,61,66.8,65,0
2013,9,28,61,65,66.5,65,0
2013,9,29,65,65,66.1,77,0
2013,9,30,65,77,65.7,65,0
2013,10,1,77,65,65.3,59,0
2013,10,2,65,59,64.9,64,0
2013,10,3,59,64,64.5,62,0
2013,10,4,64,62,64.1,63,0
2013,10,5,62,63,63.7,55,0
2013,10,6,63,55,63.3,58,0
2013,10,7,55,58,62.9,55,0
2013,10,8,58,55,62.5,65,0
2013,10,9,55,65,62.1,60,0
2013,10,10,65,60,61.8,59,0
2013,10,11,60,59,61.4,59,0
2013,10,12,59,59,61,59,0
2013,10,13,59,59,60.6,59,0
2013,10,14,59,59,60.2,58,0
2013,10,15,59,58,59.9,57,0
2013,10,16,58,57,59.5,50,0
2013,10,17,57,50,59.1,61,0
2013,10,18,50,61,58.8,67,0
2013,10,19,61,67,58.4,59,0
2013,10,20,67,59,58.1,59,0
2013,10,21,59,59,57.8,58,0
2013,10,22,59,58,57.4,60,0
2013,10,23,58,60,57.1,57,0
2013,10,24,60,57,56.8,57,0
2013,10,25,57,57,56.5,54,0
2013,10,26,57,54,56.2,50,0
2013,10,27,54,50,55.9,54,0
2013,10,28,50,54,55.6,54,0
2013,10,29,54,54,55.3,56,0
2013,10,30,54,56,55,57,0
2013,10,31,56,57,54.8,53,0
2013,11,1,57,53,54.5,52,0
2013,11,2,53,52,54.2,52,0
2013,11,3,52,52,53.9,52,0
2013,11,4,52,52,53.7,44,0
2013,11,5,52,44,53.4,50,0
2013,11,6,44,50,53.2,49,0
2013,11,7,50,49,52.9,49,0
2013,11,8,49,49,52.7,55,0
2013,11,9,49,55,52.4,62,0
2013,11,10,55,62,52.2,59,0
2013,11,11,62,59,51.9,51,0
2013,11,12,59,51,51.7,49,0
2013,11,13,51,49,51.4,49,0
2013,11,14,49,49,51.2,47,0
2013,11,15,49,47,51,48,0
2013,11,16,47,48,50.7,52,0
2013,11,17,48,52,50.5,48,0
2013,11,18,52,48,50.3,39,1
2013,11,19,48,39,50,41,1
2013,11,20,39,41,49.8,39,1
2013,11,21,41,39,49.5,50,1
2013,11,22,39,50,49.3,52,1
2013,11,23,50,52,49.1,53,1
2013,11,24,52,53,48.9,45,1
2013,11,25,53,45,48.6,48,1
2013,11,26,45,48,48.4,51,1
2013,11,27,48,51,48.2,56,1
2013,11,28,51,56,48,48,1
2013,11,29,56,48,47.8,44,1
2013,11,30,48,44,47.6,45,1
2013,12,1,44,45,47.4,41,1
2013,12,2,45,41,47.2,44,1
2013,12,3,41,44,47,42,1
2013,12,4,44,42,46.8,43,1
2013,12,5,42,43,46.6,42,1
2013,12,6,43,42,46.4,38,1
2013,12,7,42,38,46.3,41,1
2013,12,8,38,41,46.1,40,1
2013,12,9,41,40,46,40,1
2013,12,10,40,40,45.9,40,1
2013,12,11,40,40,45.7,40,1
2013,12,12,40,40,45.6,39,1
2013,12,13,40,39,45.5,41,1
2013,12,14,39,41,45.4,40,1
2013,12,15,41,40,45.3,44,1
2013,12,16,40,44,45.3,49,1
2013,12,17,44,49,45.2,50,0
2013,12,18,49,50,45.2,46,0
2013,12,19,50,46,45.1,46,0
2013,12,20,46,46,45.1,44,0
2013,12,21,46,44,45.1,45,0
2013,12,22,44,45,45.1,38,0
2013,12,23,45,38,45.1,49,0
2013,12,24,38,49,45.1,52,0
2013,12,25,49,52,45.1,50,0
2013,12,26,52,50,45.2,42,0
2013,12,27,50,42,45.2,51,0
2013,12,28,42,51,45.3,53,0
2013,12,29,51,53,45.3,51,0
2013,12,30,53,51,45.4,49,0
2013,12,31,51,49,45.5,43,0
2014,1,1,49,43,45.6,55,0
2014,1,2,43,55,45.7,51,0
2014,1,3,55,51,45.8,53,0
2014,1,4,51,53,45.9,54,0
2014,1,5,53,54,46,48,0
2014,1,6,54,48,46.1,40,0
2014,1,7,48,40,46.2,45,0
2014,1,8,40,45,46.3,50,0
2014,1,9,45,50,46.4,49,0
2014,1,10,50,49,46.5,43,0
2014,1,11,49,43,46.7,43,0
2014,1,12,43,43,46.8,43,0
2014,1,13,43,43,46.9,41,0
2014,1,14,43,41,47,40,0
2014,1,15,41,40,47.1,34,0
2014,1,16,40,34,47.3,35,0
2014,1,17,34,35,47.4,38,0
2014,1,18,35,38,47.5,32,0
2014,1,19,38,32,47.6,30,0
2014,1,20,32,30,47.7,45,0
2014,1,21,30,45,47.8,47,0
2014,1,22,45,47,47.9,44,0
2014,1,23,47,44,48,47,0
2014,1,24,44,47,48.1,50,0
2014,1,25,47,50,48.2,48,0
2014,1,26,50,48,48.3,48,0
2014,1,27,48,48,48.4,44,0
2014,1,28,48,44,48.4,44,0
2014,1,29,44,44,48.5,49,0
2014,1,30,44,49,48.6,47,0
2014,1,31,49,47,48.7,49,0
2014,2,1,47,49,48.8,48,0
2014,2,2,49,48,48.8,47,0
2014,2,3,48,47,48.9,58,0
2014,2,4,47,58,49,60,0
2014,2,5,58,60,49.1,57,0
2014,2,6,60,57,49.1,61,0
2014,2,7,57,61,49.2,60,0
2014,2,8,61,60,49.3,50,0
2014,2,9,60,50,49.4,52,0
2014,2,10,50,52,49.4,55,0
2014,2,11,52,55,49.5,48,0
2014,2,12,55,48,49.6,47,0
2014,2,13,48,47,49.7,45,0
2014,2,14,47,45,49.8,44,0
2014,2,15,45,44,49.9,45,0
2014,2,16,44,45,49.9,45,0
2014,2,17,45,45,50,50,0
2014,2,18,45,50,50.1,44,0
2014,2,19,50,44,50.2,44,0
2014,2,20,44,44,50.4,46,0
2014,2,21,44,46,50.5,50,0
2014,2,22,46,50,50.6,50,0
2014,2,23,50,50,50.7,47,0
2014,2,24,50,47,50.8,44,0
2014,2,25,47,44,50.9,45,0
2014,2,26,44,45,51.1,41,0
2014,2,27,45,41,51.2,44,0
2014,2,28,41,44,51.3,44,0
2014,3,1,44,41,51.5,43,0
2014,3,2,41,43,51.6,44,0
2014,3,3,43,44,51.8,54,0
2014,3,4,44,54,51.9,51,0
2014,3,5,54,51,52.1,46,0
2014,3,6,51,46,52.2,44,0
2014,3,7,46,44,52.4,48,0
2014,3,8,44,48,52.5,60,0
2014,3,9,48,60,52.7,49,0
2014,3,10,60,49,52.8,45,0
2014,3,11,49,45,53,44,0
2014,3,12,45,44,53.1,47,0
2014,3,13,44,47,53.3,42,0
2014,3,14,47,42,53.4,46,0
2014,3,15,42,46,53.6,52,0
2014,3,16,46,52,53.7,48,0
2014,3,17,52,48,53.9,50,0
2014,3,18,48,50,54,41,0
2014,3,19,50,41,54.2,45,0
2014,3,20,41,45,54.3,46,0
2014,3,21,45,46,54.5,48,0
2014,3,22,46,48,54.6,50,0
2014,3,23,48,50,54.7,54,0
2014,3,24,50,54,54.9,59,0
2014,3,25,54,59,55,56,0
2014,3,26,59,56,55.2,55,0
2014,3,27,56,55,55.3,58,0
2014,3,28,55,58,55.5,51,0
2014,3,29,58,51,55.6,50,0
2014,3,30,51,50,55.7,49,0
2014,3,31,50,49,55.9,50,0
2014,4,1,49,50,56,48,0
2014,4,2,50,48,56.2,62,0
2014,4,3,48,62,56.3,53,0
2014,4,4,62,53,56.5,51,0
2014,4,5,53,51,56.6,49,0
2014,4,6,51,49,56.8,52,0
2014,4,7,49,52,56.9,61,0
2014,4,8,52,61,57.1,70,0
2014,4,9,61,70,57.2,68,0
2014,4,10,70,68,57.4,64,0
2014,4,11,68,64,57.6,52,0
2014,4,12,64,52,57.7,57,0
2014,4,13,52,57,57.9,59,1
2014,4,14,57,59,58.1,60,1
2014,4,15,59,60,58.3,61,1
2014,4,16,60,61,58.5,56,1
2014,4,17,61,56,58.6,50,1
2014,4,18,56,50,58.8,56,1
2014,4,19,50,56,59,57,1
2014,4,20,56,57,59.2,56,1
2014,4,21,57,56,59.4,68,1
2014,4,22,56,68,59.7,74,1
2014,4,23,68,74,59.9,71,1
2014,4,24,74,71,60.1,57,1
2014,4,25,71,57,60.3,62,1
2014,4,26,57,62,60.5,57,1
2014,4,27,62,57,60.7,56,1
2014,4,28,57,56,61,61,1
2014,4,29,56,61,61.2,60,1
2014,4,30,61,60,61.4,55,1
2014,5,1,60,55,61.6,53,1
2014,5,2,55,53,61.9,56,1
2014,5,3,53,56,62.1,52,1
2014,5,4,56,52,62.3,54,1
2014,5,5,52,54,62.5,56,1
2014,5,6,54,56,62.8,64,1
2014,5,7,56,64,63,75,1
2014,5,8,64,75,63.2,65,1
2014,5,9,75,65,63.4,56,1
2014,5,10,65,56,63.6,58,1
2014,5,11,56,58,63.8,65,1
2014,5,12,58,65,64.1,76,1
2014,5,13,65,76,64.3,78,0
2014,5,14,76,78,64.5,80,0
2014,5,15,78,80,64.7,76,0
2014,5,16,80,76,64.8,67,0
2014,5,17,76,67,65,64,0
2014,5,18,67,64,65.2,60,0
2014,5,19,64,60,65.4,67,0
2014,5,20,60,67,65.6,58,0
2014,5,21,67,58,65.7,62,0
2014,5,22,58,62,65.9,55,0
2014,5,23,62,55,66.1,58,0
2014,5,24,55,58,66.2,63,0
2014,5,25,58,63,66.4,72,0
2014,5,26,63,72,66.5,72,0
2014,5,27,72,72,66.7,63,0
2014,5,28,72,63,66.8,62,0
2014,5,29,63,62,67,61,0
2014,5,30,62,61,67.1,66,0
2014,5,31,61,66,67.3,64,0
2014,6,1,66,64,67.4,68,0
2014,6,2,64,68,67.6,66,0
2014,6,3,68,66,67.7,63,0
2014,6,4,66,63,67.9,55,0
2014,6,5,63,55,68,56,0
2014,6,6,55,56,68.2,61,0
2014,6,7,56,61,68.3,61,0
2014,6,8,61,61,68.5,59,0
2014,6,9,61,59,68.6,63,0
2014,6,10,59,63,68.8,66,0
2014,6,11,63,66,69,74,0
2014,6,12,66,74,69.1,65,0
2014,6,13,74,65,69.3,61,0
2014,6,14,65,61,69.5,63,0
2014,6,15,61,63,69.7,72,0
2014,6,16,63,72,69.8,70,0
2014,6,17,72,70,70,66,0
2014,6,18,70,66,70.2,63,0
2014,6,19,66,63,70.4,67,0
2014,6,20,63,67,70.6,76,0
2014,6,21,67,76,70.8,75,0
2014,6,22,76,75,71,57,0
2014,6,23,75,57,71.3,60,0
2014,6,24,57,60,71.5,67,0
2014,6,25,60,67,71.7,67,0
2014,6,26,67,67,71.9,65,0
2014,6,27,67,65,72.2,73,0
2014,6,28,65,73,72.4,72,0
2014,6,29,73,72,72.6,71,0
2014,6,30,72,71,72.8,68,0
2014,7,1,71,68,73.1,68,0
2014,7,2,68,68,73.3,66,0
2014,7,3,68,66,73.5,65,0
2014,7,4,66,65,73.8,69,0
2014,7,5,65,69,74,76,0
2014,7,6,69,76,74.2,77,0
2014,7,7,76,77,74.4,80,0
2014,7,8,77,80,74.6,83,0
2014,7,9,80,83,74.9,77,0
2014,7,10,83,77,75.1,75,0
2014,7,11,77,75,75.3,82,0
2014,7,12,75,82,75.4,78,0
2014,7,13,82,78,75.6,74,0
2014,7,14,78,74,75.8,77,0
2014,7,15,74,77,76,66,0
2014,7,16,77,66,76.1,79,0
2014,7,17,66,79,76.3,71,0
2014,7,18,79,71,76.4,70,0
2014,7,19,71,70,76.6,77,0
2014,7,20,70,77,76.7,67,0
2014,7,21,77,67,76.8,75,0
2014,7,22,67,75,76.9,69,0
2014,7,23,75,69,77,66,0
2014,7,24,69,66,77.1,74,0
2014,7,25,66,74,77.1,80,0
2014,7,26,74,80,77.2,78,0
2014,7,27,80,78,77.3,66,0
2014,7,28,78,66,77.3,72,0
2014,7,29,66,72,77.3,73,0
2014,7,30,72,73,77.3,67,0
2014,7,31,73,67,77.4,73,0
2014,8,1,67,73,77.4,75,0
2014,8,2,73,75,77.4,74,0
2014,8,3,75,74,77.3,81,0
2014,8,4,74,81,77.3,93,0
2014,8,5,81,93,77.3,93,0
2014,8,6,93,93,77.2,83,0
2014,8,7,93,83,77.2,70,0
2014,8,8,83,70,77.1,72,0
2014,8,9,70,72,77.1,76,0
2014,8,10,72,76,77,78,0
2014,8,11,76,78,76.9,83,0
2014,8,12,78,83,76.9,87,0
2014,8,13,83,87,76.8,87,0
2014,8,14,87,87,76.7,84,0
2014,8,15,87,84,76.6,88,0
2014,8,16,84,88,76.5,94,0
2014,8,17,88,94,76.4,91,0
2014,8,18,94,91,76.3,71,0
2014,8,19,91,71,76.2,74,0
2014,8,20,71,74,76.1,78,0
2014,8,21,74,78,75.9,74,0
2014,8,22,78,74,75.8,72,0
2014,8,23,74,72,75.7,70,0
2014,8,24,72,70,75.5,72,0
2014,8,25,70,72,75.4,79,0
2014,8,26,72,79,75.3,70,0
2014,8,27,79,70,75.1,75,0
2014,8,28,70,75,75,73,0
2014,8,29,75,73,74.8,73,0
2014,8,30,73,73,74.6,73,0
2014,8,31,73,73,74.4,72,0
2014,9,1,73,72,74.3,71,0
2014,9,2,72,71,74.1,70,0
2014,9,3,71,70,73.9,73,0
2014,9,4,70,73,73.7,76,0
2014,9,5,73,76,73.5,79,0
2014,9,6,76,79,73.3,83,0
2014,9,7,79,83,73,90,0
2014,9,8,83,90,72.8,77,0
2014,9,9,90,77,72.6,66,0
2014,9,10,77,66,72.3,68,0
2014,9,11,66,68,72.1,68,0
2014,9,12,68,68,71.8,72,0
2014,9,13,68,72,71.5,82,0
2014,9,14,72,82,71.2,79,0
2014,9,15,82,79,71,72,0
2014,9,16,79,72,70.7,76,0
2014,9,17,72,76,70.3,82,0
2014,9,18,76,82,70,82,0
2014,9,19,82,82,69.7,75,0
2014,9,20,82,75,69.4,67,0
2014,9,21,75,67,69,61,0
2014,9,22,67,61,68.7,67,0
2014,9,23,61,67,68.3,67,0
2014,9,24,67,67,68,70,0
2014,9,25,67,70,67.6,67,0
2014,9,26,70,67,67.2,67,0
2014,9,27,67,67,66.8,73,0
2014,9,28,67,73,66.5,77,0
2014,9,29,73,77,66.1,69,0
2014,9,30,77,69,65.7,70,0
2014,10,1,69,70,65.3,74,0
2014,10,2,70,74,64.9,64,0
2014,10,3,74,64,64.5,66,0
2014,10,4,64,66,64.1,66,0
2014,10,5,66,66,63.7,71,0
2014,10,6,66,71,63.3,75,0
2014,10,7,71,75,62.9,75,0
2014,10,8,75,75,62.5,70,0
2014,10,9,75,70,62.1,61,0
2014,10,10,70,61,61.8,54,0
2014,10,11,61,54,61.4,57,0
2014,10,12,54,57,61,57,0
2014,10,13,57,57,60.6,60,0
2014,10,14,57,60,60.2,64,0
2014,10,15,60,64,59.9,63,0
2014,10,16,64,63,59.5,61,0
2014,10,17,63,61,59.1,58,0
2014,10,18,61,58,58.8,64,0
2014,10,19,58,64,58.4,59,0
2014,10,20,64,59,58.1,52,0
2014,10,21,59,52,57.8,53,0
2014,10,22,52,53,57.4,46,0
2014,10,23,53,46,57.1,52,0
2014,10,24,46,52,56.8,53,0
2014,10,25,52,53,56.5,53,0
2014,10,26,53,53,56.2,52,0
2014,10,27,53,52,55.9,58,0
2014,10,28,52,58,55.6,58,0
2014,10,29,58,58,55.3,60,0
2014,10,30,58,60,55,59,0
2014,10,31,60,59,54.8,60,0
2014,11,1,59,60,54.5,59,0
2014,11,2,60,59,54.2,59,0
2014,11,3,59,59,53.9,60,0
2014,11,4,59,60,53.7,64,0
2014,11,5,60,64,53.4,59,0
2014,11,6,64,59,53.2,55,0
2014,11,7,59,55,52.9,54,0
2014,11,8,55,54,52.7,50,0
2014,11,9,54,50,52.4,48,0
2014,11,10,50,48,52.2,46,0
2014,11,11,48,46,51.9,48,0
2014,11,12,46,48,51.7,55,0
2014,11,13,48,55,51.4,52,0
2014,11,14,55,52,51.2,52,0
2014,11,15,52,52,51,49,0
2014,11,16,52,49,50.7,49,0
2014,11,17,49,49,50.5,54,0
2014,11,18,49,54,50.3,50,0
2014,11,19,54,50,50,56,0
2014,11,20,50,56,49.8,52,0
2014,11,21,56,52,49.5,47,0
2014,11,22,52,47,49.3,48,0
2014,11,23,47,48,49.1,49,0
2014,11,24,48,49,48.9,48,0
2014,11,25,49,48,48.6,47,0
2014,11,26,48,47,48.4,49,0
2014,11,27,47,49,48.2,50,0
2014,11,28,49,50,48,49,0
2014,11,29,50,49,47.8,55,0
2014,11,30,49,55,47.6,59,0
2014,12,1,55,59,47.4,56,0
2014,12,2,59,56,47.2,47,0
2014,12,3,56,47,47,49,0
2014,12,4,47,49,46.8,53,0
2014,12,5,49,53,46.6,48,0
2014,12,6,53,48,46.4,45,0
2014,12,7,48,45,46.3,46,0
2014,12,8,45,46,46.1,44,0
2014,12,9,46,44,46,44,0
2014,12,10,44,44,45.9,45,0
2014,12,11,44,45,45.7,46,0
2014,12,12,45,46,45.6,44,0
2014,12,13,46,44,45.5,45,0
2014,12,14,44,45,45.4,43,0
2014,12,15,45,43,45.3,40,0
2014,12,16,43,40,45.3,44,0
2014,12,17,40,44,45.2,47,0
2014,12,18,44,47,45.2,39,0
2014,12,19,47,39,45.1,47,0
2014,12,20,39,47,45.1,45,0
2014,12,21,47,45,45.1,47,0
2014,12,22,45,47,45.1,47,0
2014,12,23,47,47,45.1,45,0
2014,12,24,47,45,45.1,42,0
2014,12,25,45,42,45.1,42,0
2014,12,26,42,42,45.2,44,0
2014,12,27,42,44,45.2,46,0
2014,12,28,44,46,45.3,47,0
2014,12,29,46,47,45.3,41,0
2014,12,30,47,41,45.4,40,0
2014,12,31,41,40,45.5,38,0
2015,1,1,40,38,45.6,41,0
2015,1,2,38,41,45.7,43,0
2015,1,3,41,43,45.8,44,0
2015,1,4,43,44,45.9,50,0
2015,1,5,44,50,46,44,0
2015,1,6,50,44,46.1,45,0
2015,1,7,44,45,46.2,50,0
2015,1,8,45,50,46.3,53,0
2015,1,9,50,53,46.4,50,0
2015,1,10,53,50,46.5,38,0
2015,1,11,50,38,46.7,37,0
2015,1,12,38,37,46.8,37,0
2015,1,13,37,37,46.9,36,0
2015,1,14,37,36,47,38,0
2015,1,15,36,38,47.1,44,0
2015,1,16,38,44,47.3,43,0
2015,1,17,44,43,47.4,39,0
2015,1,18,43,39,47.5,38,0
2015,1,19,39,38,47.6,34,0
2015,1,20,38,34,47.7,38,0
2015,1,21,34,38,47.8,36,0
2015,1,22,38,36,47.9,38,0
2015,1,23,36,38,48,45,0
2015,1,24,38,45,48.1,45,0
2015,1,25,45,45,48.2,51,0
2015,1,26,45,51,48.3,47,0
2015,1,27,51,47,48.4,42,0
2015,1,28,47,42,48.4,43,0
2015,1,29,42,43,48.5,47,0
2015,1,30,43,47,48.6,48,0
2015,1,31,47,48,48.7,49,0
2015,2,1,48,49,48.8,53,0
2015,2,2,49,53,48.8,43,0
2015,2,3,53,43,48.9,48,0
2015,2,4,43,48,49,51,0
2015,2,5,48,51,49.1,50,0
2015,2,6,51,50,49.1,51,0
2015,2,7,50,51,49.2,49,0
2015,2,8,51,49,49.3,46,0
2015,2,9,49,46,49.4,47,0
2015,2,10,46,47,49.4,48,0
2015,2,11,47,48,49.5,47,0
2015,2,12,48,47,49.6,52,0
2015,2,13,47,52,49.7,49,0
2015,2,14,52,49,49.8,49,0
2015,2,15,49,49,49.9,56,0
2015,2,16,49,56,49.9,52,0
2015,2,17,56,52,50,49,0
2015,2,18,52,49,50.1,46,0
2015,2,19,49,46,50.2,51,0
2015,2,20,46,51,50.4,46,0
2015,2,21,51,46,50.5,44,0
2015,2,22,46,44,50.6,46,0
2015,2,23,44,46,50.7,50,0
2015,2,24,46,50,50.8,48,0
2015,2,25,50,48,50.9,51,0
2015,2,26,48,51,51.1,48,0
2015,2,27,51,48,51.2,50,0
2015,2,28,48,50,51.3,53,0
2015,3,1,50,53,51.5,59,0
2015,3,2,53,59,51.6,57,0
2015,3,3,59,57,51.8,52,0
2015,3,4,57,52,51.9,56,0
2015,3,5,52,56,52.1,49,0
2015,3,6,56,49,52.2,45,0
2015,3,7,49,45,52.4,54,0
2015,3,8,45,54,52.5,53,0
2015,3,9,54,53,52.7,55,0
2015,3,10,53,55,52.8,46,0
2015,3,11,55,46,53,51,0
2015,3,12,46,51,53.1,55,0
2015,3,13,51,55,53.3,53,0
2015,3,14,55,53,53.4,53,0
2015,3,15,53,53,53.6,58,0
2015,3,16,53,58,53.7,51,0
2015,3,17,58,51,53.9,48,0
2015,3,18,51,48,54,53,0
2015,3,19,48,53,54.2,55,0
2015,3,20,53,55,54.3,52,0
2015,3,21,55,52,54.5,50,0
2015,3,22,52,50,54.6,49,0
2015,3,23,50,49,54.7,50,0
2015,3,24,49,50,54.9,54,0
2015,3,25,50,54,55,62,0
2015,3,26,54,62,55.2,62,0
2015,3,27,62,62,55.3,56,0
2015,3,28,62,56,55.5,61,0
2015,3,29,56,61,55.6,65,0
2015,3,30,61,65,55.7,68,0
2015,3,31,65,68,55.9,69,0
2015,4,1,68,69,56,63,0
2015,4,2,69,63,56.2,57,0
2015,4,3,63,57,56.3,62,0
2015,4,4,57,62,56.5,58,0
2015,4,5,62,58,56.6,57,0
2015,4,6,58,57,56.8,54,0
2015,4,7,57,54,56.9,47,0
2015,4,8,54,47,57.1,56,0
2015,4,9,47,56,57.2,54,0
2015,4,10,56,54,57.4,59,0
2015,4,11,54,59,57.6,54,0
2015,4,12,59,54,57.7,46,0
2015,4,13,54,46,57.9,51,0
2015,4,14,46,51,58.1,55,0
2015,4,15,51,55,58.3,57,0
2015,4,16,55,57,58.5,57,0
2015,4,17,57,57,58.6,59,0
2015,4,18,57,59,58.8,53,0
2015,4,19,59,53,59,56,0
2015,4,20,53,56,59.2,57,0
2015,4,21,56,57,59.4,54,0
2015,4,22,57,54,59.7,61,0
2015,4,23,54,61,59.9,64,0
2015,4,24,61,64,60.1,70,0
2015,4,25,64,70,60.3,71,0
2015,4,26,70,71,60.5,69,0
2015,4,27,71,69,60.7,57,0
2015,4,28,69,57,61,59,0
2015,4,29,57,59,61.2,57,0
2015,4,30,59,57,61.4,55,0
2015,5,1,57,55,61.6,65,0
2015,5,2,55,65,61.9,69,0
2015,5,3,65,69,62.1,71,0
2015,5,4,69,71,62.3,77,0
2015,5,5,71,77,62.5,84,0
2015,5,6,77,84,62.8,87,0
2015,5,7,84,87,63,69,0
2015,5,8,87,69,63.2,67,0
2015,5,9,69,67,63.4,73,0
2015,5,10,67,73,63.6,79,0
2015,5,11,73,79,63.8,81,0
2015,5,12,79,81,64.1,71,0
2015,5,13,81,71,64.3,66,0
2015,5,14,71,66,64.5,65,0
2015,5,15,66,65,64.7,63,0
2015,5,16,65,63,64.8,71,0
2015,5,17,63,71,65,63,0
2015,5,18,71,63,65.2,62,0
2015,5,19,63,62,65.4,65,0
2015,5,20,62,65,65.6,67,0
2015,5,21,65,67,65.7,60,0
2015,5,22,67,60,65.9,52,0
2015,5,23,60,52,66.1,54,0
2015,5,24,52,54,66.2,62,0
2015,5,25,54,62,66.4,64,0
2015,5,26,62,64,66.5,65,0
2015,5,27,64,65,66.7,62,0
2015,5,28,65,62,66.8,63,0
2015,5,29,62,63,67,61,0
2015,5,30,63,61,67.1,62,0
2015,5,31,61,62,67.3,67,0
2015,6,1,62,67,67.4,73,0
2015,6,2,67,73,67.6,69,0
2015,6,3,73,69,67.7,72,0
2015,6,4,69,72,67.9,79,0
2015,6,5,72,79,68,80,0
2015,6,6,79,80,68.2,80,0
2015,6,7,80,80,68.3,71,0
2015,6,8,80,71,68.5,69,0
2015,6,9,71,69,68.6,69,0
2015,6,10,69,69,68.8,71,0
2015,6,11,69,71,69,68,0
2015,6,12,71,68,69.1,69,0
2015,6,13,68,69,69.3,70,0
2015,6,14,69,70,69.5,68,0
2015,6,15,70,68,69.7,78,0
2015,6,16,68,78,69.8,75,0
2015,6,17,78,75,70,78,0
2015,6,18,75,78,70.2,74,0
2015,6,19,78,74,70.4,68,0
2015,6,20,74,68,70.6,63,0
2015,6,21,68,63,70.8,69,0
2015,6,22,63,69,71,78,0
2015,6,23,69,78,71.3,72,0
2015,6,24,78,72,71.5,70,0
2015,6,25,72,70,71.7,74,0
2015,6,26,70,74,71.9,72,0
2015,6,27,74,72,72.2,70,0
2015,6,28,72,70,72.4,87,0
2015,6,29,70,87,72.6,86,0
2015,6,30,87,86,72.8,93,0
2015,7,1,86,93,73.1,89,0
2015,7,2,93,89,73.3,83,0
2015,7,3,89,83,73.5,79,0
2015,7,4,83,79,73.8,71,0
2015,7,5,79,71,74,74,0
2015,7,6,71,74,74.2,79,0
2015,7,7,74,79,74.4,75,0
2015,7,8,79,75,74.6,80,0
2015,7,9,75,80,74.9,86,0
2015,7,10,80,86,75.1,72,0
2015,7,11,86,72,75.3,73,0
2015,7,12,72,73,75.4,67,0
2015,7,13,73,67,75.6,79,0
2015,7,14,67,79,75.8,82,0
2015,7,15,79,82,76,82,0
2015,7,16,82,82,76.1,88,0
2015,7,17,82,88,76.3,72,0
2015,7,18,88,72,76.4,79,0
2015,7,19,72,79,76.6,82,0
2015,7,20,79,82,76.7,77,0
2015,7,21,82,77,76.8,75,0
2015,7,22,77,75,76.9,79,0
2015,7,23,75,79,77,88,0
2015,7,24,79,88,77.1,88,0
2015,7,25,88,88,77.1,88,0
2015,7,26,88,88,77.2,88,0
2015,7,27,88,88,77.3,78,0
2015,7,28,88,78,77.3,70,0
2015,7,29,78,70,77.3,77,0
2015,7,30,70,77,77.3,77,0
2015,7,31,77,77,77.4,71,0
2015,8,1,77,71,77.4,69,0
2015,8,2,71,69,77.4,63,0
2015,8,3,69,63,77.3,77,0
2015,8,4,63,77,77.3,84,0
2015,8,5,77,84,77.3,86,0
2015,8,6,84,86,77.2,87,0
2015,8,7,86,87,77.2,88,0
2015,8,8,87,88,77.1,83,0
2015,8,9,88,83,77.1,83,0
2015,8,10,83,83,77,78,0
2015,8,11,83,78,76.9,77,0
2015,8,12,78,77,76.9,78,0
2015,8,13,77,78,76.8,82,0
2015,8,14,78,82,76.7,81,0
2015,8,15,82,81,76.6,70,0
2015,8,16,81,70,76.5,84,0
2015,8,17,70,84,76.4,78,0
2015,8,18,84,78,76.3,79,0
2015,8,19,78,79,76.2,80,0
2015,8,20,79,80,76.1,78,0
2015,8,21,80,78,75.9,82,0
2015,8,22,78,82,75.8,84,0
2015,8,23,82,84,75.7,77,0
2015,8,24,84,77,75.5,77,0
2015,8,25,77,77,75.4,72,0
2015,8,26,77,72,75.3,76,0
2015,8,27,72,76,75.1,80,0
2015,8,28,76,80,75,80,0
2015,8,29,80,80,74.8,75,0
2015,8,30,80,75,74.6,79,0
2015,8,31,75,79,74.4,82,0
2015,9,1,79,82,74.3,82,0
2015,9,2,82,82,74.1,82,0
2015,9,3,82,82,73.9,77,0
2015,9,4,82,77,73.7,73,0
2015,9,5,77,73,73.5,68,0
2015,9,6,73,68,73.3,71,0
2015,9,7,68,71,73,74,0
2015,9,8,71,74,72.8,80,0
2015,9,9,74,80,72.6,79,0
2015,9,10,80,79,72.3,80,0
2015,9,11,79,80,72.1,93,0
2015,9,12,80,93,71.8,78,0
2015,9,13,93,78,71.5,66,0
2015,9,14,78,66,71.2,71,0
2015,9,15,66,71,71,66,0
2015,9,16,71,66,70.7,71,0
2015,9,17,66,71,70.3,64,0
2015,9,18,71,64,70,70,0
2015,9,19,64,70,69.7,78,0
2015,9,20,70,78,69.4,74,0
2015,9,21,78,74,69,70,0
2015,9,22,74,70,68.7,63,0
2015,9,23,70,63,68.3,61,0
2015,9,24,63,61,68,64,0
2015,9,25,61,64,67.6,61,0
2015,9,26,64,61,67.2,63,0
2015,9,27,61,63,66.8,57,0
2015,9,28,63,57,66.5,62,0
2015,9,29,57,62,66.1,58,0
2015,9,30,62,58,65.7,57,0
2015,10,1,58,57,65.3,58,0
2015,10,2,57,58,64.9,55,0
2015,10,3,58,55,64.5,58,0
2015,10,4,55,58,64.1,64,0
2015,10,5,58,64,63.7,68,0
2015,10,6,64,68,63.3,73,0
2015,10,7,68,73,62.9,61,0
2015,10,8,73,61,62.5,57,0
2015,10,9,61,57,62.1,59,0
2015,10,10,57,59,61.8,58,0
2015,10,11,59,58,61.4,57,0
2015,10,12,58,57,61,58,0
2015,10,13,57,58,60.6,59,0
2015,10,14,58,59,60.2,60,0
2015,10,15,59,60,59.9,60,0
2015,10,16,60,60,59.5,55,0
2015,10,17,60,55,59.1,58,0
2015,10,18,55,58,58.8,55,0
2015,10,19,58,55,58.4,51,0
2015,10,20,55,51,58.1,51,0
2015,10,21,51,51,57.8,53,0
2015,10,22,51,53,57.4,58,0
2015,10,23,53,58,57.1,55,0
2015,10,24,58,55,56.8,50,0
2015,10,25,55,50,56.5,54,0
2015,10,26,50,54,56.2,53,0
2015,10,27,54,53,55.9,57,0
2015,10,28,53,57,55.6,58,0
2015,10,29,57,58,55.3,56,0
2015,10,30,58,56,55,59,0
2015,10,31,56,59,54.8,58,0
2015,11,1,59,58,54.5,64,0
2015,11,2,58,64,54.2,58,0
2015,11,3,64,58,53.9,54,0
2015,11,4,58,54,53.7,51,0
2015,11,5,54,51,53.4,56,0
2015,11,6,51,56,53.2,55,0
2015,11,7,56,55,52.9,52,0
2015,11,8,55,52,52.7,56,0
2015,11,9,52,56,52.4,52,0
2015,11,10,56,52,52.2,52,0
2015,11,11,52,52,51.9,61,0
2015,11,12,52,61,51.7,60,0
2015,11,13,61,60,51.4,57,0
2015,11,14,60,57,51.2,52,0
2015,11,15,57,52,51,51,0
2015,11,16,52,51,50.7,50,0
2015,11,17,51,50,50.5,53,0
2015,11,18,50,53,50.3,55,0
2015,11,19,53,55,50,56,0
2015,11,20,55,56,49.8,46,0
2015,11,21,56,46,49.5,46,0
2015,11,22,46,46,49.3,49,0
2015,11,23,46,49,49.1,52,0
2015,11,24,49,52,48.9,53,0
2015,11,25,52,53,48.6,54,0
2015,11,26,53,54,48.4,54,0
2015,11,27,54,54,48.2,58,0
2015,11,28,54,58,48,53,0
2015,11,29,58,53,47.8,49,0
2015,11,30,53,49,47.6,52,0
2015,12,1,49,52,47.4,56,0
2015,12,2,52,56,47.2,46,0
2015,12,3,56,46,47,41,0
2015,12,4,46,41,46.8,40,0
2015,12,5,41,40,46.6,34,0
2015,12,6,40,34,46.4,34,0
2015,12,7,34,34,46.3,32,0
2015,12,8,34,32,46.1,36,0
2015,12,9,32,36,46,34,0
2015,12,10,36,34,45.9,42,0
2015,12,11,34,42,45.7,41,0
2015,12,12,42,41,45.6,42,0
2015,12,13,41,42,45.5,49,0
2015,12,14,42,49,45.4,49,0
2015,12,15,49,49,45.3,53,0
2015,12,16,49,53,45.3,50,0
2015,12,17,53,50,45.2,47,0
2015,12,18,50,47,45.2,46,0
2015,12,19,47,46,45.1,41,0
2015,12,20,46,41,45.1,47,0
2015,12,21,41,47,45.1,48,0
2015,12,22,47,48,45.1,51,0
2015,12,23,48,51,45.1,53,0
2015,12,24,51,53,45.1,47,0
2015,12,25,53,47,45.1,44,0
2015,12,26,47,44,45.2,44,0
2015,12,27,44,44,45.2,48,0
2015,12,28,44,48,45.3,49,0
2015,12,29,48,49,45.3,45,0
2015,12,30,49,45,45.4,48,0
2015,12,31,45,48,45.5,47,0
2016,1,1,48,47,45.6,45,0
2016,1,2,47,45,45.7,51,0
2016,1,3,45,51,45.8,48,0
2016,1,4,51,48,45.9,46,0
2016,1,5,48,46,46,47,0
2016,1,6,46,47,46.1,46,0
2016,1,7,47,46,46.2,47,0
2016,1,8,46,47,46.3,50,0
2016,1,9,47,50,46.4,49,0
2016,1,10,50,49,46.5,55,0
2016,1,11,49,55,46.7,58,0
2016,1,12,55,58,46.8,52,0
2016,1,13,58,52,46.9,51,0
2016,1,14,52,51,47,52,0
2016,1,15,51,52,47.1,52,0
2016,1,16,52,52,47.3,44,0
2016,1,17,52,44,47.4,42,0
2016,1,18,44,42,47.5,49,0
2016,1,19,42,49,47.6,43,0
2016,1,20,49,43,47.7,50,0
2016,1,21,43,50,47.8,50,0
2016,1,22,50,50,47.9,49,0
2016,1,23,50,49,48,50,0
2016,1,24,49,50,48.1,55,0
2016,1,25,50,55,48.2,54,0
2016,1,26,55,54,48.3,47,0
2016,1,27,54,47,48.4,49,0
2016,1,28,47,49,48.4,52,0
2016,1,29,49,52,48.5,52,0
2016,1,30,52,52,48.6,47,0
2016,1,31,52,47,48.7,46,0
2016,2,1,47,46,48.8,46,0
2016,2,2,46,46,48.8,48,0
2016,2,3,46,48,48.9,41,0
2016,2,4,48,41,49,37,0
2016,2,5,41,37,49.1,31,0
2016,2,6,37,31,49.1,29,0
2016,2,7,31,29,49.2,38,0
2016,2,8,29,38,49.3,42,0
2016,2,9,38,42,49.4,39,0
2016,2,10,42,39,49.4,50,0
2016,2,11,39,50,49.5,54,0
2016,2,12,50,54,49.6,54,0
2016,2,13,54,54,49.7,55,0
2016,2,14,54,55,49.8,53,0
2016,2,15,55,53,49.9,52,0
2016,2,16,53,52,49.9,49,0
2016,2,17,52,49,50,47,0
2016,2,18,49,47,50.1,48,0
2016,2,19,47,48,50.2,47,0
2016,2,20,48,47,50.4,50,0
2016,2,21,47,50,50.5,44,0
2016,2,22,50,44,50.6,42,0
2016,2,23,44,42,50.7,45,0
2016,2,24,42,45,50.8,44,0
2016,2,25,45,44,50.9,54,0
2016,2,26,44,54,51.1,57,0
2016,2,27,54,57,51.2,55,0
2016,2,28,57,55,51.3,58,0
2016,3,1,55,58,51.5,45,0
2016,3,2,58,45,51.6,52,0
2016,3,3,45,52,51.8,58,0
2016,3,4,52,58,51.9,57,0
2016,3,5,58,57,52.1,60,0
2016,3,6,57,60,52.2,56,0
2016,3,7,60,56,52.4,60,0
2016,3,8,56,60,52.5,55,0
2016,3,9,60,55,52.7,59,0
2016,3,10,55,59,52.8,54,0
2016,3,11,59,54,53,58,0
2016,3,12,54,58,53.1,61,0
2016,3,13,58,61,53.3,57,0
2016,3,14,61,57,53.4,58,0
2016,3,15,57,58,53.6,62,0
2016,3,16,58,62,53.7,51,0
2016,3,17,62,51,53.9,50,0
2016,3,18,51,50,54,50,0
2016,3,19,50,50,54.2,52,0
2016,3,20,50,52,54.3,52,0
2016,3,21,52,52,54.5,51,0
2016,3,22,52,51,54.6,52,0
2016,3,23,51,52,54.7,55,0
2016,3,24,52,55,54.9,66,0
2016,3,25,55,66,55,57,0
2016,3,26,66,57,55.2,52,0
2016,3,27,57,52,55.3,54,0
2016,3,28,52,54,55.5,53,0
2016,3,29,54,53,55.6,53,0
2016,3,30,53,53,55.7,52,0
2016,3,31,53,52,55.9,60,0
2016,4,1,52,60,56,58,0
2016,4,2,60,58,56.2,58,0
2016,4,3,58,58,56.3,56,0
2016,4,4,58,56,56.5,55,0
2016,4,5,56,55,56.6,53,0
2016,4,6,55,53,56.8,57,0
2016,4,7,53,57,56.9,70,0
2016,4,8,57,70,57.1,60,0
2016,4,9,70,60,57.2,58,0
2016,4,10,60,58,57.4,59,0
2016,4,11,58,59,57.6,63,0
2016,4,12,59,63,57.7,61,0
2016,4,13,63,61,57.9,69,0
2016,4,14,61,69,58.1,68,0
2016,4,15,69,68,58.3,58,0
2016,4,16,68,58,58.5,52,0
2016,4,17,58,52,58.6,53,0
2016,4,18,52,53,58.8,58,0
2016,4,19,53,58,59,53,0
2016,4,20,58,53,59.2,60,0
2016,4,21,53,60,59.4,63,0
2016,4,22,60,63,59.7,54,0
2016,4,23,63,54,59.9,53,0
2016,4,24,54,53,60.1,57,0
2016,4,25,53,57,60.3,58,0
2016,4,26,57,58,60.5,59,0
2016,4,27,58,59,60.7,52,0
2016,4,28,59,52,61,61,0
2016,4,29,52,61,61.2,77,0
2016,4,30,61,77,61.4,82,0
2016,5,1,77,82,61.6,85,0
2016,5,2,82,85,61.9,65,0
2016,5,3,85,65,62.1,59,0
2016,5,4,65,59,62.3,58,0
2016,5,5,59,58,62.5,60,0
2016,5,6,58,60,62.8,62,0
2016,5,7,60,62,63,65,0
2016,5,8,62,65,63.2,57,0
2016,5,9,65,57,63.4,56,0
2016,5,10,57,56,63.6,60,0
2016,5,11,56,60,63.8,66,0
2016,5,12,60,66,64.1,76,0
2016,5,13,66,76,64.3,80,0
2016,5,14,76,80,64.5,82,0
2016,5,15,80,82,64.7,80,0
2016,5,16,82,80,64.8,68,0
2016,5,17,80,68,65,68,0
2016,5,18,68,68,65.2,68,0
2016,5,19,68,68,65.4,70,0
2016,5,20,68,70,65.6,72,0
2016,5,21,70,72,65.7,68,0
2016,5,22,72,68,65.9,76,0
2016,5,23,68,76,66.1,68,0
2016,5,24,76,68,66.2,65,0
2016,5,25,68,65,66.4,59,0
2016,5,26,65,59,66.5,65,0
2016,5,27,59,65,66.7,68,0
2016,5,28,65,68,66.8,66,0
2016,5,29,68,66,67,66,0
2016,5,30,66,66,67.1,69,0
2016,5,31,66,69,67.3,74,0
2016,6,1,69,74,67.4,72,0
2016,6,2,74,72,67.6,74,0
2016,6,3,72,74,67.7,65,0
2016,6,4,74,65,67.9,67,0
2016,6,5,65,67,68,72,0
2016,6,6,67,72,68.2,77,0
2016,6,7,72,77,68.3,76,0
2016,6,8,77,76,68.5,74,0
2016,6,9,76,74,68.6,70,0
2016,6,10,74,70,68.8,68,0
2016,6,11,70,68,69,75,0
2016,6,12,68,75,69.1,71,0
2016,6,13,75,71,69.3,60,0
2016,6,14,71,60,69.5,64,0
2016,6,15,60,64,69.7,65,0
2016,6,16,64,65,69.8,64,0
2016,6,17,65,64,70,64,0
2016,6,18,64,64,70.2,66,0
2016,6,19,64,66,70.4,78,0
2016,6,20,66,78,70.6,68,0
2016,6,21,78,68,70.8,72,0
2016,6,22,68,72,71,77,0
2016,6,23,72,77,71.3,77,0
2016,6,24,77,77,71.5,76,0
2016,6,25,77,76,71.7,79,0
2016,6,26,76,79,71.9,70,0
2016,6,27,79,70,72.2,70,0
2016,6,28,70,70,72.4,68,0
2016,6,29,70,68,72.6,69,0
2016,6,30,68,69,72.8,78,0
2016,7,1,69,78,73.1,94,0
2016,7,2,78,94,73.3,81,0
2016,7,3,94,81,73.5,71,0
2016,7,4,81,71,73.8,75,0
2016,7,5,71,75,74,76,0
2016,7,6,75,76,74.2,84,0
2016,7,7,76,84,74.4,81,0
2016,7,8,84,81,74.6,86,0
2016,7,9,81,86,74.9,80,0
2016,7,10,86,80,75.1,84,0
2016,7,11,80,84,75.3,88,0
2016,7,12,84,88,75.4,90,0
2016,7,13,88,90,75.6,85,0
2016,7,14,90,85,75.8,82,0
2016,7,15,85,82,76,88,0
2016,7,16,82,88,76.1,88,0
2016,7,17,88,88,76.3,80,0
2016,7,18,88,80,76.4,75,0
2016,7,19,80,75,76.6,78,0
2016,7,20,75,78,76.7,67,0
2016,7,21,78,67,76.8,75,0
2016,7,22,67,75,76.9,70,0
2016,7,23,75,70,77,66,0
2016,7,24,70,66,77.1,69,0
2016,7,25,66,69,77.1,73,0
2016,7,26,69,73,77.2,79,0
2016,7,27,73,79,77.3,83,0
2016,7,28,79,83,77.3,87,0
2016,7,29,83,87,77.3,86,0
2016,7,30,87,86,77.3,85,0
2016,7,31,86,85,77.4,87,0
2016,8,1,85,87,77.4,84,0
2016,8,2,87,84,77.4,85,0
2016,8,3,84,85,77.3,89,0
2016,8,4,85,89,77.3,91,0
2016,8,5,89,91,77.3,77,0
2016,8,6,91,77,77.2,79,0
2016,8,7,77,79,77.2,78,0
2016,8,8,79,78,77.1,78,0
2016,8,9,78,78,77.1,81,0
2016,8,10,78,81,77,87,0
2016,8,11,81,87,76.9,96,0
2016,8,12,87,96,76.9,81,0
2016,8,13,96,81,76.8,74,0
2016,8,14,81,74,76.7,70,0
2016,8,15,74,70,76.6,76,0
2016,8,16,70,76,76.5,78,0
2016,8,17,76,78,76.4,82,0
2016,8,18,78,82,76.3,85,0
2016,8,19,82,85,76.2,81,0
2016,8,20,85,81,76.1,71,0
2016,8,21,81,71,75.9,70,0
2016,8,22,71,70,75.8,75,0
2016,8,23,70,75,75.7,82,0
2016,8,24,75,82,75.5,77,0
2016,8,25,82,77,75.4,84,0
2016,8,26,77,84,75.3,88,0
2016,8,27,84,88,75.1,84,0
2016,8,28,88,84,75,74,0
2016,8,29,84,74,74.8,73,0
2016,8,30,74,73,74.6,64,0
2016,8,31,73,64,74.4,70,0
2016,9,1,64,70,74.3,74,0
2016,9,2,70,74,74.1,68,0
2016,9,3,74,68,73.9,69,0
2016,9,4,68,69,73.7,75,0
2016,9,5,69,75,73.5,82,0
2016,9,6,75,82,73.3,90,0
2016,9,7,82,90,73,83,0
2016,9,8,90,83,72.8,70,0
2016,9,9,83,70,72.6,71,0
2016,9,10,70,71,72.3,72,0
2016,9,11,71,72,72.1,76,0
2016,9,12,72,76,71.8,76,0
2016,9,13,76,76,71.5,83,0
2016,9,14,76,83,71.2,86,0
2016,9,15,83,86,71,87,0
2016,9,16,86,87,70.7,72,0
2016,9,17,87,72,70.3,73,0
2016,9,18,72,73,70,67,0
2016,9,19,73,67,69.7,75,0
2016,9,20,67,75,69.4,76,0
2016,9,21,75,76,69,79,0
2016,9,22,76,79,68.7,72,0
2016,9,23,79,72,68.3,66,0
2016,9,24,72,66,68,66,0
2016,9,25,66,66,67.6,71,0
2016,9,26,66,71,67.2,68,0
2016,9,27,71,68,66.8,69,0
2016,9,28,68,69,66.5,66,0
2016,9,29,69,66,66.1,62,0
2016,9,30,66,62,65.7,67,0
2016,10,1,62,67,65.3,65,0
2016,10,2,67,65,64.9,67,0
2016,10,3,65,67,64.5,72,0
2016,10,4,67,72,64.1,71,0
2016,10,5,72,71,63.7,75,0
2016,10,6,71,75,63.3,78,0
2016,10,7,75,78,62.9,66,0
2016,10,8,78,66,62.5,69,0
2016,10,9,66,69,62.1,63,0
2016,10,10,69,63,61.8,65,0
2016,10,11,63,65,61.4,65,0
2016,10,12,65,65,61,64,0
2016,10,13,65,64,60.6,70,0
2016,10,14,64,70,60.2,62,0
2016,10,15,70,62,59.9,61,0
2016,10,16,62,61,59.5,69,0
2016,10,17,61,69,59.1,62,0
2016,10,18,69,62,58.8,67,0
2016,10,19,62,67,58.4,72,0
2016,10,20,67,72,58.1,61,0
2016,10,21,72,61,57.8,61,0
2016,10,22,61,61,57.4,60,0
2016,10,23,61,60,57.1,58,0
2016,10,24,60,58,56.8,58,0
2016,10,25,58,58,56.5,62,0
2016,10,26,58,62,56.2,55,0
2016,10,27,62,55,55.9,60,0
2016,10,28,55,60,55.6,59,0
2016,10,29,60,59,55.3,62,0
2016,10,30,59,62,55,60,0
2016,10,31,62,60,54.8,55,0
2016,11,1,60,55,54.5,52,0
2016,11,2,55,52,54.2,56,0
2016,11,3,52,56,53.9,57,0
2016,11,4,56,57,53.7,58,0
2016,11,5,57,58,53.4,59,0
2016,11,6,58,59,53.2,62,0
2016,11,7,59,62,52.9,58,0
2016,11,8,62,58,52.7,55,0
2016,11,9,58,55,52.4,56,0
2016,11,10,55,56,52.2,52,0
2016,11,11,56,52,51.9,46,0
2016,11,12,52,46,51.7,44,0
2016,11,13,46,44,51.4,45,0
2016,11,14,44,45,51.2,45,0
2016,11,15,45,45,51,47,0
2016,11,16,45,47,50.7,49,0
2016,11,17,47,49,50.5,51,0
2016,11,18,49,51,50.3,45,0
2016,11,19,51,45,50,52,0
2016,11,20,45,52,49.8,52,0
2016,11,21,52,52,49.5,52,0
2016,11,22,52,52,49.3,49,0
2016,11,23,52,49,49.1,55,0
2016,11,24,49,55,48.9,53,0
2016,11,25,55,53,48.6,57,0
2016,11,26,53,57,48.4,59,0
2016,11,27,57,59,48.2,58,0
2016,11,28,59,58,48,55,0
2016,11,29,58,55,47.8,40,0
2016,11,30,55,40,47.6,37,0
2016,12,1,40,37,47.4,40,0
2016,12,2,37,40,47.2,42,0
2016,12,3,40,42,47,50,0
2016,12,4,42,50,46.8,47,0
2016,12,5,50,47,46.6,55,0
2016,12,6,47,55,46.4,53,0
2016,12,7,55,53,46.3,58,0
2016,12,8,53,58,46.1,58,0
2016,12,9,58,58,46,61,0
2016,12,10,58,61,45.9,66,0
2016,12,11,61,66,45.7,58,0
2016,12,12,66,58,45.6,52,0
2016,12,13,58,52,45.5,50,0
2016,12,14,52,50,45.4,55,0
2016,12,15,50,55,45.3,54,0
2016,12,16,55,54,45.3,50,0
2016,12,17,54,50,45.2,48,0
2016,12,18,50,48,45.2,49,0
2016,12,19,48,49,45.1,52,0
2016,12,20,49,52,45.1,55,0
2016,12,21,52,55,45.1,55,0
2016,12,22,55,55,45.1,51,0
2016,12,23,55,51,45.1,54,0
2016,12,24,51,54,45.1,45,0
2016,12,25,54,45,45.1,46,0
2016,12,26,45,46,45.2,42,0
2016,12,27,46,42,45.2,49,0
2016,12,28,42,49,45.3,44,0
2016,12,29,49,44,45.3,43,0
2016,12,30,44,43,45.4,38,0
2016,12,31,43,38,45.5,38,0
2017,1,1,38,38,45.6,42,0
2017,1,2,38,42,45.7,42,0
2017,1,3,42,42,45.8,41,0
2017,1,4,42,41,45.9,51,0
2017,1,5,41,51,46,54,0
2017,1,6,51,54,46.1,54,0
2017,1,7,54,54,46.2,46,0
2017,1,8,54,46,46.3,46,0
2017,1,9,46,46,46.4,50,0
2017,1,10,46,50,46.5,46,0
2017,1,11,50,46,46.7,49,0
2017,1,12,46,49,46.8,52,0
2017,1,13,49,52,46.9,49,0
2017,1,14,52,49,47,43,0
2017,1,15,49,43,47.1,46,0
2017,1,16,43,46,47.3,53,0
2017,1,17,46,53,47.4,56,0
2017,1,18,53,56,47.5,57,0
2017,1,19,56,57,47.6,50,0
2017,1,20,57,50,47.7,50,0
2017,1,21,50,50,47.8,45,0
2017,1,22,50,45,47.9,49,0
2017,1,23,45,49,48,54,0
2017,1,24,49,54,48.1,58,0
2017,1,25,54,58,48.2,63,0
2017,1,26,58,63,48.3,61,0
2017,1,27,63,61,48.4,52,0
2017,1,28,61,52,48.4,54,0
2017,1,29,52,54,48.5,54,0
2017,1,30,54,54,48.6,47,0
2017,1,31,54,47,48.7,45,0
2017,2,1,47,45,48.8,49,0
2017,2,2,45,49,48.8,52,0
2017,2,3,49,52,48.9,50,0
2017,2,4,52,50,49,51,0
2017,2,5,50,51,49.1,56,0
2017,2,6,51,56,49.1,58,0
2017,2,7,56,58,49.2,54,0
2017,2,8,58,54,49.3,59,0
2017,2,9,54,59,49.4,56,0
2017,2,10,59,56,49.4,55,0
2017,2,11,56,55,49.5,55,0
2017,2,12,55,55,49.6,62,0
2017,2,13,55,62,49.7,60,0
2017,2,14,62,60,49.8,58,0
2017,2,15,60,58,49.9,54,0
2017,2,16,58,54,49.9,59,0
2017,2,17,54,59,50,61,0
2017,2,18,59,61,50.1,54,0
2017,2,19,61,54,50.2,51,0
2017,2,20,54,51,50.4,52,0
2017,2,21,51,52,50.5,54,0
2017,2,22,52,54,50.6,53,0
2017,2,23,54,53,50.7,55,0
2017,2,24,53,55,50.8,52,0
2017,2,25,55,52,50.9,50,0
2017,2,26,52,50,51.1,53,0
2017,2,27,50,53,51.2,50,0
2017,2,28,53,50,51.3,54,0
2017,3,1,50,54,51.5,52,0
2017,3,2,54,52,51.6,52,0
2017,3,3,52,52,51.8,51,0
2017,3,4,52,51,51.9,55,0
2017,3,5,51,55,52.1,56,0
2017,3,6,55,56,52.2,59,0
2017,3,7,56,59,52.4,62,0
2017,3,8,59,62,52.5,63,0
2017,3,9,62,63,52.7,58,0
2017,3,10,63,58,52.8,56,0
2017,3,11,58,56,53,58,0
2017,3,12,56,58,53.1,64,0
2017,3,13,58,64,53.3,63,0
2017,3,14,64,63,53.4,57,0
2017,3,15,63,57,53.6,51,0
2017,3,16,57,51,53.7,57,0
2017,3,17,51,57,53.9,56,0
2017,3,18,57,56,54,60,0
2017,3,19,56,60,54.2,60,0
2017,3,20,60,60,54.3,57,0
2017,3,21,60,57,54.5,56,0
2017,3,22,57,56,54.6,53,0
2017,3,23,56,53,54.7,52,0
2017,3,24,53,52,54.9,55,0
2017,3,25,52,55,55,58,0
2017,3,26,55,58,55.2,69,0
2017,3,27,58,69,55.3,65,0
2017,3,28,69,65,55.5,60,0
2017,3,29,65,60,55.6,60,0
2017,3,30,60,60,55.7,64,0
2017,3,31,60,64,55.9,55,0
2017,4,1,64,55,56,55,0
2017,4,2,55,55,56.2,56,0
2017,4,3,55,56,56.3,52,0
2017,4,4,56,52,56.5,55,0
2017,4,5,52,55,56.6,62,0
2017,4,6,55,62,56.8,57,0
2017,4,7,62,57,56.9,58,0
2017,4,8,57,58,57.1,63,0
2017,4,9,58,63,57.2,63,0
2017,4,10,63,63,57.4,57,0
2017,4,11,63,57,57.6,53,0
2017,4,12,57,53,57.7,56,0
2017,4,13,53,56,57.9,53,0
2017,4,14,56,53,58.1,53,0
2017,4,15,53,53,58.3,57,0
2017,4,16,53,57,58.5,64,0
2017,4,17,57,64,58.6,66,0
2017,4,18,64,66,58.8,66,0
2017,4,19,66,66,59,70,0
2017,4,20,66,70,59.2,73,0
2017,4,21,70,73,59.4,63,0
2017,4,22,73,63,59.7,60,0
2017,4,23,63,60,59.9,54,0
2017,4,24,60,54,60.1,54,0
2017,4,25,54,54,60.3,56,0
2017,4,26,54,56,60.5,60,0
2017,4,27,56,60,60.7,77,0
2017,4,28,60,77,61,60,0
2017,4,29,77,60,61.2,61,0
2017,4,30,60,61,61.4,63,0
2017,5,1,61,63,61.6,65,0
2017,5,2,63,65,61.9,65,0
2017,5,3,65,65,62.1,69,0
2017,5,4,65,69,62.3,63,0
2017,5,5,69,63,62.5,58,0
2017,5,6,63,58,62.8,62,0
2017,5,7,58,62,63,69,0
2017,5,8,62,69,63.2,75,0
2017,5,9,69,75,63.4,80,0
2017,5,10,75,80,63.6,67,0
2017,5,11,80,67,63.8,57,0
2017,5,12,67,57,64.1,60,0
2017,5,13,57,60,64.3,54,0
2017,5,14,60,54,64.5,64,0
2017,5,15,54,64,64.7,68,0
2017,5,16,64,68,64.8,60,0
2017,5,17,68,60,65,67,0
2017,5,18,60,67,65.2,78,0
2017,5,19,67,78,65.4,71,0
2017,5,20,78,71,65.6,74,0
2017,5,21,71,74,65.7,78,0
2017,5,22,74,78,65.9,62,0
2017,5,23,78,62,66.1,61,0
2017,5,24,62,61,66.2,64,0
2017,5,25,61,64,66.4,60,0
2017,5,26,64,60,66.5,71,0
2017,5,27,60,71,66.7,76,0
2017,5,28,71,76,66.8,82,0
2017,5,29,76,82,67,79,0
2017,5,30,82,79,67.1,73,0
2017,5,31,79,73,67.3,77,0
2017,6,1,73,77,67.4,61,0
2017,6,2,77,61,67.6,64,0
2017,6,3,61,64,67.7,68,0
2017,6,4,64,68,67.9,73,0
2017,6,5,68,73,68,80,0
2017,6,6,73,80,68.2,85,0
2017,6,7,80,85,68.3,88,0
2017,6,8,85,88,68.5,87,0
2017,6,9,88,87,68.6,84,0
2017,6,10,87,84,68.8,78,0
2017,6,11,84,78,69,76,0
2017,6,12,78,76,69.1,68,0
2017,6,13,76,68,69.3,75,0
2017,6,14,68,75,69.5,82,0
2017,6,15,75,82,69.7,86,0
2017,6,16,82,86,69.8,73,0
2017,6,17,86,73,70,77,0
2017,6,18,73,77,70.2,76,0
2017,6,19,77,76,70.4,75,0
2017,6,20,76,75,70.6,77,0
2017,6,21,75,77,70.8,78,0
2017,6,22,77,78,71,77,0
2017,6,23,78,77,71.3,79,0
2017,6,24,77,79,71.5,78,0
2017,6,25,79,78,71.7,87,0
2017,6,26,78,87,71.9,89,0
2017,6,27,87,89,72.2,92,0
2017,6,28,89,92,72.4,83,0
2017,6,29,92,83,72.6,84,0
2017,6,30,83,84,72.8,87,0
2017,7,1,84,87,73.1,90,0
2017,7,2,87,90,73.3,93,0
2017,7,3,90,93,73.5,92,0
2017,7,4,93,92,73.8,92,0
2017,7,5,92,92,74,91,0
2017,7,6,92,91,74.2,85,0
2017,7,7,91,85,74.4,81,0
2017,7,8,85,81,74.6,86,0
2017,7,9,81,86,74.9,84,0
2017,7,10,86,84,75.1,70,0
2017,7,11,84,70,75.3,72,0
2017,7,12,70,72,75.4,79,0
2017,7,13,72,79,75.6,78,0
2017,7,14,79,78,75.8,82,0
2017,7,15,78,82,76,79,0
2017,7,16,82,79,76.1,79,0
2017,7,17,79,79,76.3,82,0
2017,7,18,79,82,76.4,92,0
2017,7,19,82,92,76.6,95,0
2017,7,20,92,95,76.7,80,0
2017,7,21,95,80,76.8,75,0
2017,7,22,80,75,76.9,75,0
2017,7,23,75,75,77,79,0
2017,7,24,75,79,77.1,73,0
2017,7,25,79,73,77.1,70,0
2017,7,26,73,70,77.2,72,0
2017,7,27,70,72,77.3,74,0
2017,7,28,72,74,77.3,82,0
2017,7,29,74,82,77.3,90,0
2017,7,30,82,90,77.3,94,0
2017,7,31,90,94,77.4,94,0
2017,8,1,94,94,77.4,92,0
2017,8,2,94,92,77.4,87,0
2017,8,3,92,87,77.3,83,0
2017,8,4,87,83,77.3,79,0
2017,8,5,83,79,77.3,74,0
2017,8,6,79,74,77.2,77,0
2017,8,7,74,77,77.2,83,0
2017,8,8,77,83,77.1,77,0
2017,8,9,83,77,77.1,83,0
2017,8,10,77,83,77,84,0
2017,8,11,83,84,76.9,86,0
2017,8,12,84,86,76.9,83,0
2017,8,13,86,83,76.8,83,0
2017,8,14,83,83,76.7,65,0
2017,8,15,83,65,76.6,71,0
2017,8,16,65,71,76.5,77,0
2017,8,17,71,77,76.4,81,0
2017,8,18,77,81,76.3,86,0
2017,8,19,81,86,76.2,89,0
2017,8,20,86,89,76.1,73,0
2017,8,21,89,73,75.9,72,0
2017,8,22,73,72,75.8,80,0
2017,8,23,72,80,75.7,82,0
2017,8,24,80,82,75.5,75,0
2017,8,25,82,75,75.4,78,0
2017,8,26,75,78,75.3,83,0
2017,8,27,78,83,75.1,85,0
2017,8,28,83,85,75,74,0
2017,8,29,85,74,74.8,72,0
2017,8,30,74,72,74.6,68,0
2017,8,31,72,68,74.4,66,0
2017,9,1,68,66,74.3,67,0
2017,9,2,66,67,74.1,67,0
2017,9,3,67,67,73.9,65,0
2017,9,4,67,65,73.7,65,0
2017,9,5,65,65,73.5,69,0
2017,9,6,65,69,73.3,61,0
2017,9,7,69,61,73,70,0
2017,9,8,61,70,72.8,73,1
2017,9,9,70,73,72.6,76,1
2017,9,10,73,76,72.3,77,1
2017,9,11,76,77,72.1,81,1
2017,9,12,77,81,71.8,80,1
2017,9,13,81,80,71.5,69,1
2017,9,14,80,69,71.2,62,1
2017,9,15,69,62,71,64,1
2017,9,16,62,64,70.7,68,1
2017,9,17,64,68,70.3,65,1
2017,9,18,68,65,70,67,1
2017,9,19,65,67,69.7,70,1
2017,9,20,67,70,69.4,73,1
2017,9,21,70,73,69,65,1
2017,9,22,73,65,68.7,66,1
2017,9,23,65,66,68.3,69,1
2017,9,24,66,69,68,72,1
2017,9,25,69,72,67.6,60,1
2017,9,26,72,60,67.2,65,1
2017,9,27,60,65,66.8,64,1
2017,9,28,65,64,66.5,70,1
2017,9,29,64,70,66.1,71,1
2017,9,30,70,71,65.7,65,1
2017,10,1,71,65,65.3,70,1
2017,10,2,65,70,64.9,60,1
2017,10,3,70,60,64.5,67,1
2017,10,4,60,67,64.1,73,1
2017,10,5,67,73,63.7,74,1
2017,10,6,73,74,63.3,65,1
2017,10,7,74,65,62.9,61,1
2017,10,8,65,61,62.5,66,1
2017,10,9,61,66,62.1,67,1
2017,10,10,66,67,61.8,70,1
2017,10,11,67,70,61.4,64,1
2017,10,12,70,64,61,65,1
2017,10,13,64,65,60.6,62,1
2017,10,14,65,62,60.2,59,1
2017,10,15,62,59,59.9,70,1
2017,10,16,59,70,59.5,68,1
2017,10,17,70,68,59.1,67,1
2017,10,18,68,67,58.8,59,1
2017,10,19,67,59,58.4,63,1
2017,10,20,59,63,58.1,64,1
2017,10,21,63,64,57.8,61,1
2017,10,22,64,61,57.4,61,1
2017,10,23,61,61,57.1,55,1
2017,10,24,61,55,56.8,59,1
2017,10,25,55,59,56.5,67,1
2017,10,26,59,67,56.2,54,1
2017,10,27,67,54,55.9,61,1
2017,10,28,54,61,55.6,57,1
2017,10,29,61,57,55.3,59,1
2017,10,30,57,59,55,63,1
2017,10,31,59,63,54.8,60,1
2017,11,1,63,60,54.5,54,1
2017,11,2,60,54,54.2,52,1
2017,11,3,54,52,53.9,51,1
2017,11,4,52,51,53.7,50,1
2017,11,5,51,50,53.4,53,1
2017,11,6,50,53,53.2,60,1
2017,11,7,53,60,52.9,54,1
2017,11,8,60,54,52.7,52,1
2017,11,9,54,52,52.4,50,1
2017,11,10,52,50,52.2,52,1
2017,11,11,50,52,51.9,52,1
2017,11,12,52,52,51.7,52,1
2017,11,13,52,52,51.4,56,1
2017,11,14,52,56,51.2,49,1
2017,11,15,56,49,51,48,1
2017,11,16,49,48,50.7,48,1
2017,11,17,48,48,50.5,56,1
2017,11,18,48,56,50.3,48,1
2017,11,19,56,48,50,48,1
2017,11,20,48,48,49.8,47,1
2017,11,21,48,47,49.5,48,1
2017,11,22,47,48,49.3,50,1
2017,11,23,48,50,49.1,44,1
2017,11,24,50,44,48.9,44,1
2017,11,25,44,44,48.6,45,1
2017,11,26,44,45,48.4,49,1
2017,11,27,45,49,48.2,49,1
2017,11,28,49,49,48,45,1
2017,11,29,49,45,47.8,35,1
2017,11,30,45,35,47.6,42,1
2017,12,1,35,42,47.4,50,1
2017,12,2,42,50,47.2,51,1
2017,12,3,50,51,47,60,1
2017,12,4,51,60,46.8,51,1
2017,12,5,60,51,46.6,50,1
2017,12,6,51,50,46.4,55,1
2017,12,7,50,55,46.3,52,1
2017,12,8,55,52,46.1,60,1
2017,12,9,52,60,46,54,1
2017,12,10,60,54,45.9,53,1
2017,12,11,54,53,45.7,49,1
2017,12,12,53,49,45.6,48,1
2017,12,13,49,48,45.5,46,1
2017,12,14,48,46,45.4,46,1
2017,12,15,46,46,45.3,44,1
2017,12,16,46,44,45.3,43,1
2017,12,17,44,43,45.2,44,1
2017,12,18,43,44,45.2,48,1
2017,12,19,44,48,45.1,47,1
2017,12,20,48,47,45.1,46,1
2017,12,21,47,46,45.1,42,1
2017,12,22,46,42,45.1,46,1
2017,12,23,42,46,45.1,41,1
2017,12,24,46,41,45.1,42,1
2017,12,25,41,42,45.1,41,1
2017,12,26,42,41,45.2,40,1
2017,12,27,41,40,45.2,40,1
2017,12,28,40,40,45.3,41,1
2017,12,29,40,41,45.3,45,1
2017,12,30,41,45,45.4,42,1
2017,12,31,45,42,45.5,42,1
2018,1,1,42,42,45.6,46,1
2018,1,2,42,46,45.7,42,1
2018,1,3,46,42,45.8,40,1
2018,1,4,42,40,45.9,38,1
2018,1,5,40,38,46,46,1
2018,1,6,38,46,46.1,53,1
2018,1,7,46,53,46.2,44,1
2018,1,8,53,44,46.3,48,1
2018,1,9,44,48,46.4,49,1
2018,1,10,48,49,46.5,52,1
2018,1,11,49,52,46.7,47,1
2018,1,12,52,47,46.8,48,1
2018,1,13,47,48,46.9,54,1
2018,1,14,48,54,47,48,1
2018,1,15,54,48,47.1,47,1
2018,1,16,48,47,47.3,52,1
2018,1,17,47,52,47.4,49,1
2018,1,18,52,49,47.5,52,1
2018,1,19,49,52,47.6,47,1
2018,1,20,52,47,47.7,50,1
2018,1,21,47,50,47.8,53,1
2018,1,22,50,53,47.9,55,1
2018,1,23,53,55,48,46,1
2018,1,24,55,46,48.1,50,1
2018,1,25,46,50,48.2,55,1
2018,1,26,50,55,48.3,56,1
2018,1,27,55,56,48.4,58,1
2018,1,28,56,58,48.4,56,1
2018,1,29,58,56,48.5,49,1
2018,1,30,56,49,48.6,46,1
2018,1,31,49,46,48.7,45,1
2018,2,1,46,45,48.8,45,1
2018,2,2,45,45,48.8,50,1
2018,2,3,45,50,48.9,47,1
2018,2,4,50,47,49,49,1
2018,2,5,47,49,49.1,52,1
2018,2,6,49,52,49.1,48,1
2018,2,7,52,48,49.2,52,1
2018,2,8,48,52,49.3,59,1
2018,2,9,52,59,49.4,63,1
2018,2,10,59,63,49.4,56,1
2018,2,11,63,56,49.5,55,1
2018,2,12,56,55,49.6,57,1
2018,2,13,55,57,49.7,50,1
2018,2,14,57,50,49.8,53,1
2018,2,15,50,53,49.9,54,1
2018,2,16,53,54,49.9,54,1
2018,2,17,54,54,50,63,1
2018,2,18,54,63,50.1,51,1
2018,2,19,63,51,50.2,50,1
2018,2,20,51,50,50.4,51,1
2018,2,21,50,51,50.5,50,1
2018,2,22,51,50,50.6,51,1
2018,2,23,50,51,50.7,58,1
2018,2,24,51,58,50.8,57,1
2018,2,25,58,57,50.9,62,1
2018,2,26,57,62,51.1,57,1
2018,2,27,62,57,51.2,56,1
2018,2,28,57,56,51.3,50,1
2018,3,1,50,53,51.5,57,1
2018,3,2,53,57,51.6,54,1
2018,3,3,57,54,51.8,58,1
2018,3,4,54,58,51.9,55,1
2018,3,5,58,55,52.1,64,1
2018,3,6,55,64,52.2,59,1
2018,3,7,64,59,52.4,51,1
2018,3,8,59,51,52.5,53,1
2018,3,9,51,53,52.7,55,1
2018,3,10,53,55,52.8,55,1
2018,3,11,55,55,53,60,1
2018,3,12,55,60,53.1,50,1
2018,3,13,60,50,53.3,54,1
2018,3,14,50,54,53.4,47,1
2018,3,15,54,47,53.6,50,1
2018,3,16,47,50,53.7,53,1
2018,3,17,50,53,53.9,57,1
2018,3,18,53,57,54,63,1
2018,3,19,57,63,54.2,61,1
2018,3,20,63,61,54.3,54,1
2018,3,21,61,54,54.5,55,1
2018,3,22,54,55,54.6,55,1
2018,3,23,55,55,54.7,51,1
2018,3,24,55,51,54.9,52,1
2018,3,25,51,52,55,56,1
2018,3,26,52,56,55.2,58,1
2018,3,27,56,58,55.3,55,1
2018,3,28,58,55,55.5,55,1
2018,3,29,55,55,55.6,63,1
2018,3,30,55,63,55.7,68,1
2018,3,31,63,68,55.9,71,1
2018,4,1,68,71,56,71,1
2018,4,2,71,71,56.2,62,1
2018,4,3,71,62,56.3,68,1
2018,4,4,62,68,56.5,58,1
2018,4,5,68,58,56.6,56,1
2018,4,6,58,56,56.8,69,1
2018,4,7,56,69,56.9,78,1
2018,4,8,69,78,57.1,76,1
2018,4,9,78,76,57.2,64,1
2018,4,10,76,64,57.4,58,1
2018,4,11,64,58,57.6,58,1
2018,4,12,58,58,57.7,57,1
2018,4,13,58,57,57.9,58,1
2018,4,14,57,58,58.1,59,1
2018,4,15,58,59,58.3,59,1
2018,4,16,59,59,58.5,67,1
2018,4,17,59,67,58.6,80,1
2018,4,18,67,80,58.8,89,1
2018,4,19,80,89,59,84,1
2018,4,20,89,84,59.2,81,1
2018,4,21,84,81,59.4,72,1
2018,4,22,81,72,59.7,62,1
2018,4,23,72,62,59.9,64,1
2018,4,24,62,64,60.1,55,1
2018,4,25,64,55,60.3,59,1
2018,4,26,55,59,60.5,59,1
2018,4,27,59,59,60.7,63,1
2018,4,28,59,63,61,63,1
2018,4,29,63,63,61.2,61,1
2018,4,30,63,61,61.4,67,1
2018,5,1,61,67,61.6,79,1
2018,5,2,67,79,61.9,87,1
2018,5,3,79,87,62.1,72,1
2018,5,4,87,72,62.3,60,1
2018,5,5,72,60,62.5,68,1
2018,5,6,60,68,62.8,77,1
2018,5,7,68,77,63,82,1
2018,5,8,77,82,63.2,66,1
2018,5,9,82,66,63.4,67,1
2018,5,10,66,67,63.6,75,1
2018,5,11,67,75,63.8,80,1
2018,5,12,75,80,64.1,76,1
2018,5,13,80,76,64.3,84,1
2018,5,14,76,84,64.5,58,1
2018,5,15,84,58,64.7,56,1
2018,5,16,58,56,64.8,59,1
2018,5,17,56,59,65,69,1
2018,5,18,59,69,65.2,65,1
2018,5,19,69,65,65.4,63,1
2018,5,20,65,63,65.6,66,1
2018,5,21,63,66,65.7,58,1
2018,5,22,66,58,65.9,66,1
2018,5,23,58,66,66.1,66,1
2018,5,24,66,66,66.2,66,1
2018,5,25,66,66,66.4,65,1
2018,5,26,66,65,66.5,62,1
2018,5,27,65,62,66.7,64,1
2018,5,28,62,64,66.8,62,1
2018,5,29,64,62,67,64,1
2018,5,30,62,64,67.1,72,1
2018,5,31,64,72,67.3,80,1
2018,6,1,72,80,67.4,74,1
2018,6,2,80,74,67.6,70,1
2018,6,3,74,70,67.7,82,1
2018,6,4,70,82,67.9,85,1
2018,6,5,82,85,68,93,1
2018,6,6,85,93,68.2,88,1
2018,6,7,93,88,68.3,84,1
2018,6,8,88,84,68.5,67,1
2018,6,9,84,67,68.6,64,1
2018,6,10,67,64,68.8,65,1
2018,6,11,64,65,69,67,1
2018,6,12,65,67,69.1,70,1
2018,6,13,67,70,69.3,65,1
2018,6,14,70,65,69.5,60,1
2018,6,15,65,60,69.7,66,1
2018,6,16,60,66,69.8,70,1
2018,6,17,66,70,70,69,1
2018,6,18,70,69,70.2,66,1
2018,6,19,69,66,70.4,72,1
2018,6,20,66,72,70.6,75,1
2018,6,21,72,75,70.8,71,1
2018,6,22,75,71,71,75,1
2018,6,23,71,75,71.3,68,1
2018,6,24,75,68,71.5,69,1
2018,6,25,68,69,71.7,72,1
2018,6,26,69,72,71.9,80,1
2018,6,27,72,80,72.2,85,1
2018,6,28,80,85,72.4,76,1
2018,6,29,85,76,72.6,72,1
2018,6,30,76,72,72.8,73,1
2018,7,1,72,73,73.1,75,1
2018,7,2,73,75,73.3,75,1
2018,7,3,75,75,73.5,71,1
2018,7,4,75,71,73.8,69,1
2018,7,5,71,69,74,67,1
2018,7,6,69,67,74.2,76,1
2018,7,7,67,76,74.4,68,1
2018,7,8,76,68,74.6,72,1
2018,7,9,68,72,74.9,71,1
2018,7,10,72,71,75.1,73,1
2018,7,11,71,73,75.3,73,1
2018,7,12,73,73,75.4,76,1
2018,7,13,73,76,75.6,74,1
2018,7,14,76,74,75.8,76,1
2018,7,15,74,76,76,76,1
2018,7,16,76,76,76.1,73,1
2018,7,17,76,73,76.3,79,1
2018,7,18,73,79,76.4,71,1
2018,7,19,79,71,76.6,77,1
2018,7,20,71,77,76.7,80,1
2018,7,21,77,80,76.8,84,1
2018,7,22,80,84,76.9,73,1
2018,7,23,84,73,77,73,1
2018,7,24,73,73,77.1,81,1
2018,7,25,73,81,77.1,86,1
2018,7,26,81,86,77.2,78,1
2018,7,27,86,78,77.3,84,1
2018,7,28,78,84,77.3,88,1
2018,7,29,84,88,77.3,89,1
2018,7,30,88,89,77.3,75,1
2018,7,31,89,75,77.4,72,1
2018,8,1,75,72,77.4,77,1
2018,8,2,72,77,77.4,71,1
2018,8,3,77,71,77.3,76,1
2018,8,4,71,76,77.3,82,1
2018,8,5,76,82,77.3,79,1
2018,8,6,82,79,77.2,71,1
2018,8,7,79,71,77.2,69,1
2018,8,8,71,69,77.1,73,1
2018,8,9,69,73,77.1,71,1
2018,8,10,73,71,77,76,1
2018,8,11,71,76,76.9,81,1
2018,8,12,76,81,76.9,90,1
2018,8,13,81,90,76.8,91,1
2018,8,14,90,91,76.7,85,1
2018,8,15,91,85,76.6,83,1
2018,8,16,85,83,76.5,83,1
2018,8,17,83,83,76.4,80,1
2018,8,18,83,80,76.3,87,1
2018,8,19,80,87,76.2,95,1
2018,8,20,87,95,76.1,91,1
2018,8,21,95,91,75.9,73,1
2018,8,22,91,73,75.8,72,1
2018,8,23,73,72,75.7,80,1
2018,8,24,72,80,75.5,85,1
2018,8,25,80,85,75.4,91,1
2018,8,26,85,91,75.3,92,1
2018,8,27,91,92,75.1,73,1
2018,8,28,92,73,75,70,1
2018,8,29,73,70,74.8,79,1
2018,8,30,70,79,74.6,71,1
2018,8,31,79,71,74.4,69,1
2018,9,1,71,69,74.3,66,1
2018,9,2,69,66,74.1,69,1
2018,9,3,66,69,73.9,69,1
2018,9,4,69,69,73.7,70,1
2018,9,5,69,70,73.5,64,1
2018,9,6,70,64,73.3,65,1
2018,9,7,64,65,73,66,1
2018,9,8,65,66,72.8,70,1
2018,9,9,66,70,72.6,73,1
2018,9,10,70,73,72.3,77,1
2018,9,11,73,77,72.1,70,1
2018,9,12,77,70,71.8,75,1
2018,9,13,70,75,71.5,77,1
2018,9,14,75,77,71.2,78,1
2018,9,15,77,78,71,72,1
2018,9,16,78,72,70.7,74,1
2018,9,17,72,74,70.3,67,1
2018,9,18,74,67,70,68,1
2018,9,19,67,68,69.7,68,1
2018,9,20,68,68,69.4,67,1
2018,9,21,68,67,69,68,1
2018,9,22,67,68,68.7,65,1
2018,9,23,68,65,68.3,63,1
2018,9,24,65,63,68,66,1
2018,9,25,63,66,67.6,76,1
2018,9,26,66,76,67.2,77,1
2018,9,27,76,77,66.8,69,1
2018,9,28,77,69,66.5,67,1
2018,9,29,69,67,66.1,66,1
2018,9,30,67,66,65.7,65,1
2018,10,1,66,65,65.3,63,1
2018,10,2,65,63,64.9,63,1
2018,10,3,63,63,64.5,60,1
2018,10,4,63,60,64.1,60,1
2018,10,5,60,60,63.7,65,1
2018,10,6,60,65,63.3,62,1
2018,10,7,65,62,62.9,63,1
2018,10,8,62,63,62.5,65,1
2018,10,9,63,65,62.1,56,1
2018,10,10,65,56,61.8,60,1
2018,10,11,56,60,61.4,62,1
2018,10,12,60,62,61,66,1
2018,10,13,62,66,60.6,59,1
2018,10,14,66,59,60.2,57,1
2018,10,15,59,57,59.9,62,1
2018,10,16,57,62,59.5,60,1
2018,10,17,62,60,59.1,59,1
2018,10,18,60,59,58.8,58,1
2018,10,19,59,58,58.4,58,1
2018,10,20,58,58,58.1,60,1
2018,10,21,58,60,57.8,57,1
2018,10,22,60,57,57.4,62,1
2018,10,23,57,62,57.1,62,1
2018,10,24,62,62,56.8,63,1
2018,10,25,62,63,56.5,63,1
2018,10,26,63,63,56.2,58,1
2018,10,27,63,58,55.9,58,1
2018,10,28,58,58,55.6,67,1
2018,10,29,58,67,55.3,60,1
2018,10,30,67,60,55,52,1
2018,10,31,60,52,54.8,57,1
2018,11,1,52,57,54.5,56,1
2018,11,2,57,56,54.2,56,1
2018,11,3,56,56,53.9,65,1
2018,11,4,56,65,53.7,63,1
2018,11,5,65,63,53.4,60,1
2018,11,6,63,60,53.2,60,1
2018,11,7,60,60,52.9,66,1
2018,11,8,60,66,52.7,70,1
2018,11,9,66,70,52.4,64,1
2018,11,10,70,64,52.2,62,1
2018,11,11,64,62,51.9,61,1
2018,11,12,62,61,51.7,58,1
2018,11,13,61,58,51.4,54,1
2018,11,14,58,54,51.2,57,1
2018,11,15,54,57,51,54,1
2018,11,16,57,54,50.7,50,1
2018,11,17,54,50,50.5,51,1
2018,11,18,50,51,50.3,54,1
2018,11,19,51,54,50,57,1
2018,11,20,54,57,49.8,57,1
2018,11,21,57,57,49.5,53,1
2018,11,22,57,53,49.3,53,1
2018,11,23,53,53,49.1,48,1
2018,11,24,53,48,48.9,51,1
2018,11,25,48,51,48.6,52,1
2018,11,26,51,52,48.4,51,1
2018,11,27,52,51,48.2,47,1
2018,11,28,51,47,48,50,1
2018,11,29,47,50,47.8,51,1
2018,11,30,50,51,47.6,50,1
2018,12,1,51,50,47.4,46,1
2018,12,2,50,46,47.2,49,1
2018,12,3,46,49,47,48,1
2018,12,4,49,48,46.8,45,1
2018,12,5,48,45,46.6,39,1
2018,12,6,45,39,46.4,40,1
2018,12,7,39,40,46.3,38,1
2018,12,8,40,38,46.1,38,1
2018,12,9,38,38,46,36,1
2018,12,10,38,36,45.9,44,1
2018,12,11,36,44,45.7,42,1
2018,12,12,44,42,45.6,42,1
2018,12,13,42,42,45.5,38,1
2018,12,14,42,38,45.4,39,1
2018,12,15,38,39,45.3,38,1
2018,12,16,39,38,45.3,34,1
2018,12,17,38,34,45.2,33,1
2018,12,18,34,33,45.2,39,1
2018,12,19,33,39,45.1,45,1
2018,12,20,39,45,45.1,50,1
2018,12,21,45,50,45.1,47,1
2018,12,22,50,47,45.1,44,1
2018,12,23,47,44,45.1,39,1
2018,12,24,44,39,45.1,40,1
2018,12,25,39,40,45.1,42,1
2018,12,26,40,42,45.2,42,1
2018,12,27,42,42,45.2,44,1
2018,12,28,42,44,45.3,47,1
2018,12,29,44,47,45.3,48,1
2018,12,30,47,48,45.4,45,1
2018,12,31,48,45,45.5,38,1
2019,1,1,45,38,45.6,37,1
2019,1,1,36,37,45.6,40,1
2019,1,2,37,40,45.7,39,1
2019,1,3,40,39,45.8,42,1
2019,1,4,39,42,45.9,38,1
2019,1,5,42,38,46,45,1
2019,1,6,38,45,46.1,49,1
2019,1,7,45,49,46.2,48,1
2019,1,8,49,48,46.3,40,1
2019,1,9,48,40,46.4,39,1
2019,1,10,40,39,46.5,38,1
2019,1,11,39,38,46.7,39,1
2019,1,12,38,39,46.8,47,1
2019,1,13,39,47,46.9,53,1
2019,1,14,47,53,47,54,1
2019,1,15,53,54,47.1,52,1
2019,1,16,54,52,47.3,55,1
2019,1,17,52,55,47.4,50,1
2019,1,18,55,50,47.5,42,1
2019,1,19,50,42,47.6,45,1
2019,1,20,42,45,47.7,44,1
2019,1,21,45,44,47.8,49,1
2019,1,22,44,49,47.9,49,1
2019,1,23,49,49,48,46,1
2019,1,24,49,46,48.1,48,1
2019,1,25,46,48,48.2,50,1
2019,1,26,48,50,48.3,54,1
2019,1,27,50,54,48.4,50,1
2019,1,28,54,50,48.4,52,1
2019,1,29,50,52,48.5,48,1
2019,1,30,52,48,48.6,44,1
2019,1,31,48,44,48.7,44,1
2019,2,1,46,45,48.8,45,1
2019,2,2,45,45,48.8,50,1
2019,2,3,45,50,48.9,47,1
2019,2,4,50,47,49,49,1
2019,2,5,47,49,49.1,52,1
2019,2,6,49,52,49.1,48,1
2019,2,7,52,48,49.2,52,1
2019,2,8,48,52,49.3,59,1
2019,2,9,52,59,49.4,63,1
2019,2,10,59,63,49.4,56,1
2019,2,11,63,56,49.5,55,1
2019,2,12,56,55,49.6,57,1
2019,2,13,55,57,49.7,50,1
2019,2,14,57,50,49.8,53,1
2019,2,15,50,53,49.9,54,1
2019,2,16,53,54,49.9,54,1
2019,2,17,54,54,50,63,1
2019,2,18,54,63,50.1,51,1
2019,2,19,63,51,50.2,50,1
2019,2,20,51,50,50.4,51,1
2019,2,21,50,51,50.5,50,1
2019,2,22,51,50,50.6,51,1
2019,2,23,50,51,50.7,58,1
2019,2,24,51,58,50.8,57,1
2019,2,25,58,57,50.9,62,1
2019,2,26,57,62,51.1,57,1
2019,2,27,62,57,51.2,56,1
2019,2,28,57,56,51.3,50,1
2019,3,1,50,54,51.5,52,1
2019,3,2,54,52,51.6,52,1
2019,3,3,52,52,51.8,51,1
2019,3,4,52,51,51.9,55,1
2019,3,5,51,55,52.1,56,1
2019,3,6,55,56,52.2,59,1
2019,3,7,56,59,52.4,62,1
2019,3,8,59,62,52.5,63,1
2019,3,9,62,63,52.7,58,1
2019,3,10,63,58,52.8,56,1
2019,3,11,58,56,53,58,1
2019,3,12,56,58,53.1,64,1
2019,3,13,58,64,53.3,63,1
2019,3,14,64,63,53.4,57,1
2019,3,15,63,57,53.6,51,1
2019,3,16,57,51,53.7,57,1
2019,3,17,51,57,53.9,56,1
2019,3,18,57,56,54,60,1
2019,3,19,56,60,54.2,60,1
2019,3,20,60,60,54.3,57,1
2019,3,21,60,57,54.5,56,1
2019,3,22,57,56,54.6,53,1
2019,3,23,56,53,54.7,52,1
2019,3,24,53,52,54.9,55,1
2019,3,25,52,55,55,58,1
2019,3,26,55,58,55.2,69,1
2019,3,27,58,69,55.3,65,1
2019,3,28,69,65,55.5,60,1
2019,3,29,65,60,55.6,60,1
2019,3,30,60,60,55.7,64,1
2019,3,31,60,64,55.9,55,1
2019,4,1,64,55,56,55,1
2019,4,2,55,55,56.2,56,1
2019,4,3,55,56,56.3,52,1
2019,4,4,56,52,56.5,55,1
2019,4,5,52,55,56.6,62,1
2019,4,6,55,62,56.8,57,1
2019,4,7,62,57,56.9,58,1
2019,4,8,57,58,57.1,63,1
2019,4,9,58,63,57.2,63,1
2019,4,10,63,63,57.4,57,1
2019,4,11,63,57,57.6,53,1
2019,4,12,57,53,57.7,56,1
2019,4,13,53,56,57.9,53,1
2019,4,14,56,53,58.1,53,1
2019,4,15,53,53,58.3,57,1
2019,4,16,53,57,58.5,64,1
2019,4,17,57,64,58.6,66,1
2019,4,18,64,66,58.8,66,1
2019,4,19,66,66,59,70,1
2019,4,20,66,70,59.2,73,1
2019,4,21,70,73,59.4,63,1
2019,4,22,73,63,59.7,60,1
2019,4,23,63,60,59.9,54,1
2019,4,24,60,54,60.1,54,1
2019,4,25,54,54,60.3,56,1
2019,4,26,54,56,60.5,60,1
2019,4,27,56,60,60.7,77,1
2019,4,28,60,77,61,60,1
2019,4,29,77,60,61.2,61,1
2019,4,30,60,61,61.4,63,1
2019,5,1,57,55,61.6,65,1
2019,5,2,55,65,61.9,69,1
2019,5,3,65,69,62.1,71,1
2019,5,4,69,71,62.3,77,1
2019,5,5,71,77,62.5,84,1
2019,5,6,77,84,62.8,87,1
2019,5,7,84,87,63,69,1
2019,5,8,87,69,63.2,67,1
2019,5,9,69,67,63.4,73,1
2019,5,10,67,73,63.6,79,1
2019,5,11,73,79,63.8,81,1
2019,5,12,79,81,64.1,71,1
2019,5,13,81,71,64.3,66,1
2019,5,14,71,66,64.5,65,1
2019,5,15,66,65,64.7,63,1
2019,5,16,65,63,64.8,71,1
2019,5,17,63,71,65,63,1
2019,5,18,71,63,65.2,62,1
2019,5,19,63,62,65.4,65,1
2019,5,20,62,65,65.6,67,1
2019,5,21,65,67,65.7,60,1
2019,5,22,67,60,65.9,52,1
2019,5,23,60,52,66.1,54,1
2019,5,24,52,54,66.2,62,1
2019,5,25,54,62,66.4,64,1
2019,5,26,62,64,66.5,65,1
2019,5,27,64,65,66.7,62,1
2019,5,28,65,62,66.8,63,1
2019,5,29,62,63,67,61,1
2019,5,30,63,61,67.1,62,1
2019,5,31,61,62,67.3,67,1
2019,6,1,62,67,67.4,73,1
2019,6,2,67,73,67.6,69,1
2019,6,3,73,69,67.7,72,1
2019,6,4,69,72,67.9,79,1
2019,6,5,72,79,68,80,1
2019,6,6,79,80,68.2,80,1
2019,6,7,80,80,68.3,71,1
2019,6,8,80,71,68.5,69,1
2019,6,9,71,69,68.6,69,1
2019,6,10,69,69,68.8,71,1
2019,6,11,69,71,69,68,1
2019,6,12,71,68,69.1,69,1
2019,6,13,68,69,69.3,70,1
2019,6,14,69,70,69.5,68,1
2019,6,15,70,68,69.7,78,1
2019,6,16,68,78,69.8,75,1
2019,6,17,78,75,70,78,1
2019,6,18,75,78,70.2,74,1
2019,6,19,78,74,70.4,68,1
2019,6,20,74,68,70.6,63,1
2019,6,21,68,63,70.8,69,1
2019,6,22,63,69,71,78,1
2019,6,23,69,78,71.3,72,1
2019,6,24,78,72,71.5,70,1
2019,6,25,72,70,71.7,74,1
2019,6,26,70,74,71.9,72,1
2019,6,27,74,72,72.2,70,1
2019,6,28,72,70,72.4,87,1
2019,6,29,70,87,72.6,86,1
2019,6,30,87,86,72.8,93,1
2019,7,1,86,93,73.1,89,1
2019,7,2,93,89,73.3,83,1
2019,7,3,89,83,73.5,79,1
2019,7,4,83,79,73.8,71,1
2019,7,5,79,71,74,74,1
2019,7,6,71,74,74.2,79,1
2019,7,7,74,79,74.4,75,1
2019,7,8,79,75,74.6,80,1
2019,7,9,75,80,74.9,86,1
2019,7,10,80,86,75.1,72,1
2019,7,11,86,72,75.3,73,1
2019,7,12,72,73,75.4,67,1
2019,7,13,73,67,75.6,79,1
2019,7,14,67,79,75.8,82,1
2019,7,15,79,82,76,82,1
2019,7,16,82,82,76.1,88,1
2019,7,17,82,88,76.3,72,1
2019,7,18,88,72,76.4,79,1
2019,7,19,72,79,76.6,82,1
2019,7,20,79,82,76.7,77,1
2019,7,21,82,77,76.8,75,1
2019,7,22,77,75,76.9,79,1
2019,7,23,75,79,77,88,1
2019,7,24,79,88,77.1,88,1
2019,7,25,88,88,77.1,88,1
2019,7,26,88,88,77.2,88,1
2019,7,27,88,88,77.3,78,1
2019,7,28,88,78,77.3,70,1
2019,7,29,78,70,77.3,77,1
2019,7,30,70,77,77.3,77,1
2019,7,31,77,77,77.4,71,1
2019,8,1,77,71,77.4,69,1
2019,8,2,71,69,77.4,63,1
2019,8,3,69,63,77.3,77,1
2019,8,4,63,77,77.3,84,1
2019,8,5,77,84,77.3,86,1
2019,8,6,84,86,77.2,87,1
2019,8,7,86,87,77.2,88,1
2019,8,8,87,88,77.1,83,1
2019,8,9,88,83,77.1,83,1
2019,8,10,83,83,77,78,1
2019,8,11,83,78,76.9,77,1
2019,8,12,78,77,76.9,78,1
2019,8,13,77,78,76.8,82,1
2019,8,14,78,82,76.7,81,1
2019,8,15,82,81,76.6,70,1
2019,8,16,81,70,76.5,84,1
2019,8,17,70,84,76.4,78,1
2019,8,18,84,78,76.3,79,1
2019,8,19,78,79,76.2,80,1
2019,8,20,79,80,76.1,78,1
2019,8,21,80,78,75.9,82,1
2019,8,22,78,82,75.8,84,1
2019,8,23,82,84,75.7,77,1
2019,8,24,84,77,75.5,77,1
2019,8,25,77,77,75.4,72,1
2019,8,26,77,72,75.3,76,1
2019,8,27,72,76,75.1,80,1
2019,8,28,76,80,75,80,1
2019,8,29,80,80,74.8,75,1
2019,8,30,80,75,74.6,79,1
2019,8,31,75,79,74.4,82,1
2019,9,1,69,69,74.3,73,1
2019,9,2,69,73,74.1,71,1
2019,9,3,73,71,73.9,82,1
2019,9,4,71,82,73.7,83,1
2019,9,5,82,83,73.5,82,1
2019,9,6,83,82,73.3,84,1
2019,9,7,82,84,73,83,1
2019,9,8,84,83,72.8,85,1
2019,9,9,83,85,72.6,85,1
2019,9,10,85,85,72.3,84,1
2019,9,11,85,84,72.1,85,1
2019,9,12,84,85,71.8,68,1
2019,9,13,85,68,71.5,64,1
2019,9,14,68,64,71.2,67,1
2019,9,15,64,67,71,65,1
2019,9,16,67,65,70.7,64,1
2019,9,17,65,64,70.3,62,1
2019,9,18,64,62,70,65,1
2019,9,19,62,65,69.7,69,1
2019,9,20,65,69,69.4,77,1
2019,9,21,69,77,69,76,1
2019,9,22,77,76,68.7,76,1
2019,9,23,76,76,68.3,80,1
2019,9,24,76,80,68,75,1
2019,9,25,80,75,67.6,67,1
2019,9,26,75,67,67.2,61,1
2019,9,27,67,61,66.8,65,1
2019,9,28,61,65,66.5,65,1
2019,9,29,65,65,66.1,77,1
2019,9,30,65,77,65.7,65,1
